lotSize,age,landValue,livingArea,pctCollege,bedrooms,fireplaces,bathrooms,rooms,fuel,waterfront,newConstruction,PriceCat
.88,17,19400,1092,35,3,0,1,6,oil,No,No,1
1,12,8600,1056,35,3,0,1,7,electric,No,No,1
.43,21,5600,1600,39,3,0,1.5,4,electric,No,No,1
.32,1,6200,1576,39,3,0,2.5,7,gas,No,Yes,1
.03,24,5100,2080,39,3,0,2,6,oil,No,No,1
.36,16,5200,1600,39,3,0,1.5,4,electric,No,No,1
4,28,5500,2224,39,4,0,3,10,oil,No,No,2
1.83,126,6000,1656,39,3,0,1,6,oil,No,No,1
3,26,4500,1170,39,4,0,1.5,5,oil,No,No,1
.43,53,2700,2461,39,4,1,2,10,oil,Yes,No,2
.44,56,19400,1544,71,3,1,1.5,7,oil,No,No,1
1.24,51,24800,1220,71,2,2,1,4,oil,No,No,1
.46,3,15200,1858,52,3,1,2.5,7,gas,No,No,1
.87,9,41100,2219,64,3,1,2,8,gas,No,No,2
1.8,201,25500,1876,52,3,0,2.5,5,oil,No,No,2
.46,1,15200,2026,52,4,1,2.5,6,gas,No,No,1
.91,19,20200,1671,71,4,1,3,8,gas,No,No,1
.46,1,15200,2060,52,4,1,2.5,7,gas,No,No,2
.59,0,17300,1884,52,4,1,2.5,9,gas,No,No,1
7.24,43,36600,2022,71,4,2,3,6,gas,No,No,2
.19,0,20700,2394,71,4,1,2.5,7,gas,No,No,2
.46,45,20200,1390,71,3,1,1.5,6,gas,No,No,1
.41,32,27100,1954,71,4,0,2.5,8,gas,No,No,1
.78,54,24500,1554,71,3,1,1.5,5,oil,No,No,1
.89,9,41600,1976,64,3,0,2.5,6,gas,No,No,2
1.34,0,44400,2479,71,4,1,2.5,10,gas,No,No,2
1,0,17100,2714,71,4,1,2.5,9,gas,No,No,2
1,98,15500,797,52,2,0,1,3,oil,No,No,1
.27,54,8900,1500,71,3,0,2.5,7,gas,No,No,1
.71,73,61000,1838,71,4,0,2,8,oil,Yes,No,2
.9,48,19000,1042,71,2,1,2,3,gas,No,No,1
.24,10,8000,1782,52,3,0,2.5,6,gas,No,No,1
.06,16,1600,1480,52,2,1,2.5,5,gas,No,No,1
.55,20,13800,1426,52,3,1,2,6,gas,No,No,1
.34,32,11100,1404,52,3,0,2,5,gas,No,No,1
.19,15,3400,1480,52,3,1,1.5,5,gas,No,No,1
.23,135,8100,1344,52,3,0,1,5,gas,No,No,1
.07,14,1800,1480,52,2,1,2.5,5,gas,No,No,1
.09,15,2400,1480,52,3,1,1.5,7,gas,No,No,1
.25,10,8400,1596,52,3,0,2.5,6,gas,No,No,1
.47,15,27200,1768,52,3,1,2,5,electric,No,No,1
.36,10,12100,1348,52,2,1,2,3,gas,No,No,1
.07,14,1800,1480,52,3,1,1.5,8,gas,No,No,1
.11,225,3900,1483,52,3,0,1,7,gas,No,No,1
.23,25,8300,1576,52,4,1,1.5,5,gas,No,No,1
3.16,15,24100,1008,52,2,0,1,7,electric,No,No,1
.08,0,32000,2332,52,4,0,2.5,9,gas,No,Yes,2
.57,30,7500,1064,52,3,1,1,5,oil,No,No,1
.5,12,15300,2428,52,4,1,2.5,11,gas,No,No,2
1,16,26600,1310,52,3,1,2,7,electric,No,No,1
.5,0,32000,1662,52,3,0,2,7,gas,No,Yes,2
.55,0,4400,2000,52,4,0,2.5,7,gas,No,Yes,1
.1,14,2600,1480,52,3,1,1.5,6,gas,No,No,1
.5,0,32000,2969,52,4,1,4,10,gas,No,Yes,2
.31,10,10400,1542,52,3,0,2.5,5,gas,No,No,1
.28,18,6300,1527,52,4,0,2,7,oil,No,No,1
.06,0,32000,2195,52,4,0,2.5,8,gas,No,Yes,2
.06,14,1600,1480,52,3,1,1.5,6,gas,No,No,1
.46,53,9200,1452,52,3,0,2,7,oil,No,No,1
.1,0,32000,2360,52,4,0,2.5,10,gas,No,Yes,2
2.12,32,19000,1440,52,3,1,1,8,oil,No,No,1
.06,14,1600,1480,52,2,1,2.5,5,electric,No,No,1
.21,125,7300,1879,52,3,0,2.5,6,gas,No,No,1
.06,14,1600,1480,52,3,0,1.5,6,gas,No,No,1
.26,11,8700,1792,52,3,0,2.5,8,gas,No,No,1
.29,2,25000,1386,44,3,0,2.5,5,gas,No,No,1
1.29,14,10300,1676,44,2,1,2,3,electric,No,No,1
1,0,4000,768,22,4,0,2,9,gas,No,No,1
.88,16,10000,1560,22,3,1,1.5,8,electric,No,No,1
.52,91,5000,1000,22,3,0,1,6,oil,No,No,1
.07,15,18900,1676,51,4,1,1.5,9,electric,No,No,1
.32,11,19400,1656,51,3,0,1.5,6,electric,No,No,1
.92,11,20600,2300,51,3,1,1.5,7,electric,No,No,1
.46,25,18700,1712,51,3,1,1,6,gas,No,No,1
.46,26,18700,1350,51,3,0,1.5,5,gas,No,No,1
.11,15,18900,1676,51,3,1,2.5,6,gas,No,No,1
.4,103,10500,1317,51,3,0,1.5,7,gas,No,No,1
.87,30,8700,1056,51,3,1,2,8,gas,No,No,1
.59,13,19900,912,51,3,0,1,7,gas,No,No,1
.93,18,4500,1232,44,2,0,2,3,electric,No,No,1
.15,68,2000,1380,44,3,1,1,5,gas,No,No,1
.59,10,3100,936,44,3,0,1,6,gas,No,No,1
.33,49,3400,720,44,3,0,1,4,gas,No,No,1
.32,30,6500,1628,44,2,1,1.5,4,oil,No,No,1
.46,41,5000,1144,44,3,0,1.5,6,gas,No,No,1
.48,2,3000,1827,44,3,0,2.5,9,gas,No,No,1
2.37,8,3300,1784,44,3,1,2,6,oil,No,No,2
.83,16,3700,1851,44,3,1,2.5,8,gas,No,No,1
1,0,3500,2194,44,4,0,2.5,8,gas,No,Yes,2
.21,75,900,920,44,2,0,1,6,oil,No,No,1
.27,36,3800,1280,44,3,0,1,5,gas,No,No,1
.72,43,4600,1232,44,3,1,1,5,electric,No,No,1
.36,45,3600,1406,44,3,0,1.5,6,gas,No,No,1
.52,6,2500,1164,44,3,0,2,5,gas,No,No,1
.19,123,2100,1198,44,3,0,1,5,gas,No,No,1
.38,10,6600,2206,44,4,1,2.5,8,gas,No,No,2
.82,0,5000,1880,44,3,1,2.5,9,gas,No,Yes,1
.69,6,3400,1368,44,3,0,1.5,8,oil,No,No,1
.51,16,6000,1901,44,3,1,2.5,5,gas,No,No,2
.72,11,3200,1547,44,3,0,2,8,gas,No,No,1
.62,12,5400,896,44,3,0,2,5,gas,No,No,1
1,45,8000,1008,44,3,0,1,7,gas,No,No,1
.52,75,3900,912,44,2,0,1,4,gas,No,No,1
.82,12,3700,2443,44,3,0,2.5,6,gas,No,No,2
.29,83,3900,900,44,4,0,1,7,gas,No,No,1
.52,0,4400,2098,44,3,0,2,7,gas,No,Yes,1
.64,9,3000,2115,44,4,1,2.5,7,gas,No,No,1
.52,12,4500,1344,44,2,1,2,7,gas,No,No,1
1,3,5200,1106,44,3,0,1,8,gas,No,No,1
.69,33,6500,1440,44,3,2,2,6,gas,No,No,1
.13,0,15000,840,51,2,0,1,3,gas,No,Yes,1
.22,10,7300,1170,51,2,0,1,6,gas,No,No,1
.46,15,23400,1664,51,4,0,1,5,oil,No,No,1
1,153,27300,3024,51,4,0,1,12,oil,No,No,1
1,0,15900,2598,51,4,1,2.5,9,gas,No,No,2
.13,0,15000,840,51,2,0,1.5,7,gas,No,Yes,1
1.03,63,41500,1701,41,5,0,1,10,oil,No,No,1
1.17,33,41800,1456,41,3,1,1.5,6,oil,No,No,1
.34,44,19000,1224,71,3,0,1,4,oil,No,No,1
.38,48,21300,1411,71,3,1,1,5,gas,No,No,1
1.96,29,39700,1608,71,3,1,1.5,5,oil,No,No,1
3,178,44500,3020,41,4,0,2.5,12,oil,No,No,1
.33,32,22500,1898,64,3,1,1.5,7,gas,No,No,1
.46,1,36600,2544,64,4,1,2.5,9,gas,No,Yes,2
.29,16,22100,1038,64,2,0,1,7,electric,No,No,1
.35,1,37000,1820,64,3,1,2.5,6,gas,No,Yes,1
.28,21,28400,2202,64,3,1,2,10,electric,No,No,1
.52,53,20300,2387,64,3,0,1,6,oil,No,No,1
.11,16,20700,1368,64,2,1,1.5,3,electric,No,No,1
.14,16,21000,1480,64,2,1,2,5,electric,No,No,1
.14,15,19600,1348,64,2,1,1.5,5,electric,No,No,1
.47,7,25500,1889,64,4,1,2.5,8,gas,No,No,1
.14,16,19600,1343,64,2,1,1.5,6,electric,No,No,1
.51,15,39600,2011,64,3,1,2.5,7,gas,No,No,2
.21,15,28800,1180,64,2,1,1.5,3,gas,No,No,1
.14,1,45200,1983,64,3,1,2.5,5,gas,No,Yes,2
.55,14,72000,2253,64,3,1,2.5,7,gas,No,No,2
.07,12,24500,1604,64,2,0,1.5,4,gas,No,No,1
.49,83,11900,1196,45,3,0,1,6,gas,No,No,1
.07,13,24500,1602,64,2,0,2.5,7,gas,No,No,1
.36,1,37100,1747,64,3,0,2.5,5,gas,No,Yes,1
.5,37,19800,1092,64,3,0,1,5,oil,No,No,1
.48,10,37800,2410,64,4,1,2.5,11,gas,No,No,2
.29,14,31100,1933,64,3,1,2.5,6,gas,No,No,1
.68,9,57200,3080,64,4,1,2.5,12,gas,No,No,2
4.08,13,75500,4534,64,6,2,2.5,12,oil,No,No,2
.1,14,26000,1677,64,3,1,2.5,5,gas,No,No,1
.62,7,57800,2900,64,4,1,2.5,11,gas,No,No,2
.07,16,20300,1392,64,2,1,1.5,5,electric,No,No,1
.16,15,22400,1058,64,2,1,1.5,7,gas,No,No,1
.36,1,29200,2342,64,4,1,2.5,8,gas,No,Yes,2
.01,0,37200,2206,64,4,1,2.5,10,gas,No,Yes,2
.34,1,36200,1516,64,3,1,2,5,gas,No,Yes,1
.75,12,82500,2836,64,4,1,2.5,10,gas,No,No,2
.29,15,35200,1256,64,2,0,1.5,7,gas,No,No,1
.47,6,20000,2340,64,4,1,3.5,10,gas,No,No,2
.32,0,53900,2129,64,4,1,2.5,9,gas,No,Yes,2
.12,15,16800,1343,64,2,1,2.5,4,gas,No,No,1
1,0,24300,2963,64,4,1,2.5,10,gas,No,Yes,2
.46,13,36600,2114,64,4,1,3.5,8,gas,No,No,2
.18,16,21400,1144,64,2,1,1,7,electric,No,No,1
.55,33,14900,988,64,3,1,1,7,oil,No,No,1
.46,9,45800,1475,64,3,0,2,4,gas,No,No,2
.15,10,28500,1247,64,3,0,1.5,7,gas,No,No,1
.93,48,23500,1912,64,5,1,2,10,gas,No,No,2
.46,23,19700,1440,64,3,0,1.5,5,oil,No,No,1
.26,16,30100,1596,64,3,1,2,6,gas,No,No,1
.63,0,24400,2665,64,4,1,2.5,11,gas,No,Yes,2
.5,35,28000,1984,64,3,0,1.5,8,gas,No,No,1
.03,10,35800,1616,64,3,0,2,6,gas,No,No,2
.17,9,40500,1917,64,3,1,2.5,5,gas,No,No,2
.64,37,16400,2592,64,3,1,1.5,9,oil,No,No,1
.47,6,25500,1845,64,3,1,2.5,9,gas,No,No,2
.92,53,29000,1360,57,4,0,1,9,oil,No,No,1
.41,35,26200,1664,64,3,1,1.5,6,gas,No,No,1
.16,15,22400,1098,64,2,1,1.5,3,gas,No,No,1
.01,17,9900,1214,64,2,0,1.5,4,electric,No,No,1
.29,93,9200,1046,57,3,0,1,6,electric,No,No,1
.36,103,32200,1144,64,3,0,1,8,oil,No,No,1
.28,16,22000,1140,64,2,1,2,6,gas,No,No,1
.15,14,21000,1232,64,2,1,1.5,5,gas,No,No,1
.59,0,153800,3020,64,4,1,2.5,9,gas,No,Yes,2
.36,19,27000,1508,52,3,1,2,6,gas,No,No,1
.16,19,15700,912,52,2,1,1.5,5,electric,No,No,1
.34,18,27000,1508,52,3,0,1.5,4,electric,No,No,1
.33,17,27000,1561,52,3,1,1.5,6,gas,No,No,1
.56,30,26400,2625,64,4,1,2.5,8,gas,No,No,1
.48,30,19600,936,52,3,1,1,7,gas,No,No,1
.16,19,15700,912,52,2,0,1.5,3,electric,No,No,1
.17,16,15100,1492,52,3,0,2.5,8,electric,No,No,1
.46,30,26300,1599,64,4,1,2.5,5,gas,No,No,1
.81,25,25000,2304,52,5,1,2.5,9,electric,No,No,1
.15,19,15700,912,52,2,0,1.5,7,electric,No,No,1
.15,17,15100,1385,52,2,1,1.5,7,gas,No,No,1
.32,17,27000,1561,52,4,0,1.5,8,electric,No,No,1
.16,20,15700,884,52,2,0,2,3,gas,No,No,1
.15,18,15700,912,52,2,0,2,4,electric,No,No,1
.15,17,15700,912,52,2,0,1.5,3,gas,No,No,1
.48,73,20500,1384,52,3,0,2,5,oil,No,No,1
.77,7,30000,1334,52,3,0,1.5,4,gas,No,No,1
.42,10,26200,1433,64,3,1,2,5,gas,No,No,1
.17,16,15100,1492,52,3,1,2.5,6,electric,No,No,1
.32,16,27000,1561,52,4,1,1.5,9,gas,No,No,1
.09,11,32000,936,52,1,0,1,3,electric,Yes,No,2
.16,16,15100,1492,52,3,1,2.5,8,electric,No,No,1
.16,18,15100,1853,52,3,0,2.5,7,electric,No,No,1
.15,15,15100,1240,52,2,0,1.5,7,electric,No,No,1
.17,19,15800,912,52,2,0,1.5,6,electric,No,No,1
.17,19,15800,912,52,2,0,1.5,3,gas,No,No,1
.16,19,15700,912,52,2,0,1.5,6,gas,No,No,1
.16,19,15100,1184,52,3,0,1.5,8,gas,No,No,1
.34,18,27000,1638,52,3,1,2,6,electric,No,No,1
.31,16,27000,1508,52,3,1,2,6,electric,No,No,1
.4,50,18000,672,52,2,0,1,5,electric,No,No,1
.34,18,79700,1346,52,3,1,2,6,oil,Yes,No,2
.16,18,15100,1184,52,3,0,2,5,electric,No,No,1
.15,16,15700,912,52,2,0,1.5,4,gas,No,No,1
.15,18,15700,912,52,2,1,1.5,5,electric,No,No,1
.16,19,15700,988,52,2,0,2,4,gas,No,No,1
.16,19,15100,1184,52,3,0,2,6,gas,No,No,1
.15,16,15100,1385,52,2,0,1.5,4,electric,No,No,1
.15,18,15700,912,52,2,0,1.5,3,gas,No,No,1
.37,18,27000,1548,52,3,1,2,5,gas,No,No,1
.31,17,27000,1561,52,4,0,1.5,9,electric,No,No,1
1,24,21000,1008,52,2,0,1,3,gas,No,No,1
.15,17,15200,1385,52,2,0,1.5,4,electric,No,No,1
.16,19,15700,908,52,2,0,1,6,gas,No,No,1
.24,138,1400,2246,39,4,0,1.5,9,oil,No,No,1
2.06,16,5900,1820,39,3,1,2.5,5,gas,No,No,1
.42,0,13000,2554,64,4,1,2.5,9,gas,No,Yes,2
.92,16,5500,824,45,3,0,1.5,5,electric,No,No,1
.4,0,15000,2458,64,4,1,2.5,9,gas,No,No,2
.36,22,10500,1324,64,3,0,1,4,electric,No,No,1
5.84,12,20000,2916,64,3,1,2.5,9,gas,No,No,2
.16,19,15100,1032,52,2,0,1.5,4,electric,No,No,1
.15,16,15700,912,52,2,1,1.5,4,electric,No,No,1
.98,35,19600,1320,52,2,0,1,3,electric,No,No,1
.33,17,27000,1508,52,3,1,1.5,8,gas,No,No,1
.16,16,15700,912,52,2,1,1.5,7,electric,No,No,1
.09,12,31200,2040,52,4,1,2.5,7,gas,No,No,2
.16,17,15700,912,52,2,1,1.5,5,electric,No,No,1
3,10,53600,1776,52,2,0,2,6,oil,No,No,2
.58,25,25000,1304,64,3,0,2,8,electric,No,No,1
.42,10,26200,1836,64,4,1,2.5,8,gas,No,No,2
.17,18,15800,912,52,2,0,2,3,electric,No,No,1
.16,19,15700,912,52,2,0,1.5,6,electric,No,No,1
.31,16,27000,1527,52,2,1,2,7,electric,No,No,1
.99,17,5700,1454,39,3,0,1.5,7,electric,No,No,1
.26,26,4600,1700,39,3,1,1.5,4,oil,No,No,1
.45,27,7000,1680,45,4,0,1,9,electric,No,No,1
.49,0,13000,2401,64,4,1,2.5,10,gas,No,No,1
.35,21,11000,1176,64,3,0,1,7,electric,No,No,1
.4,24,9800,1344,64,3,1,1.5,7,electric,No,No,1
.48,23,10400,1344,64,3,0,1.5,8,electric,No,No,1
.35,9,13000,1714,64,3,0,2.5,8,gas,No,No,1
.25,20,29000,1992,64,4,1,3,9,gas,No,No,2
.12,19,18200,924,64,2,0,1,7,gas,No,No,1
.09,24,17600,1290,64,2,1,1.5,3,gas,No,No,1
.46,36,27400,2521,64,4,1,2.5,10,gas,No,No,1
.71,58,22700,1377,82,3,1,1.5,7,oil,No,No,1
.06,19,16400,1237,64,2,1,1.5,6,gas,No,No,1
.61,41,32300,2310,64,4,1,2.5,7,gas,No,No,1
.32,0,35000,1863,64,3,1,2.5,9,gas,No,No,1
.37,26,37500,1693,64,3,1,1.5,8,gas,No,No,1
.29,26,31400,1684,64,3,1,2.5,4,gas,No,No,1
.95,16,40900,1585,64,3,1,1.5,4,electric,No,No,1
.67,8,72400,2290,64,4,1,3,9,gas,No,No,2
.4,32,30000,2464,64,5,1,2.5,9,gas,No,No,1
.29,5,29000,2549,64,4,1,2.5,12,gas,No,No,2
.35,6,36500,2316,64,4,1,2.5,7,gas,No,No,2
.37,18,43000,2600,64,4,1,2.5,8,gas,No,No,2
.53,15,65800,2677,64,4,1,2.5,10,gas,No,No,2
.06,19,16400,1479,64,3,0,1.5,4,electric,No,No,1
.15,16,18500,1138,64,2,0,1,7,electric,No,No,1
.27,24,18900,1576,64,3,0,2.5,4,gas,No,No,1
.43,10,52200,2084,82,4,1,2.5,9,gas,No,No,2
.06,26,35900,1726,64,3,1,2,8,gas,No,No,2
1,2,49900,1851,71,2,2,2,4,gas,No,No,2
.46,30,27400,2310,64,5,1,2.5,12,gas,No,No,1
.03,0,56800,2930,64,4,1,2.5,12,gas,No,No,2
.88,33,35900,2576,64,4,1,2.5,10,gas,No,No,1
.55,36,30500,1664,64,3,1,2,8,gas,No,No,1
1,24,46000,1237,64,2,0,1.5,3,electric,No,No,1
.43,29,31400,2662,64,5,1,2.5,9,gas,No,No,1
.45,35,32300,1575,64,3,1,1.5,7,gas,No,No,1
.1,12,18000,1566,64,2,0,1.5,7,gas,No,No,1
.09,16,17600,1326,64,2,1,1.5,4,gas,No,No,1
.09,18,17600,1480,64,3,0,1.5,8,gas,No,No,1
.59,0,38400,2161,64,4,1,2.5,11,gas,No,No,1
.16,10,18600,1352,64,2,1,1.5,3,gas,No,No,1
.51,33,34600,1648,64,3,0,1.5,8,gas,No,No,1
.46,25,60500,2936,64,3,1,3.5,12,gas,No,No,2
.46,1,36400,2404,64,4,1,2.5,10,gas,No,No,2
.42,36,30900,1738,64,3,0,1.5,9,gas,No,No,1
.45,14,119500,5228,64,4,4,4,12,gas,No,No,2
.55,34,30500,2576,64,4,1,2.5,12,gas,No,No,1
.44,34,31800,1586,64,3,1,1.5,7,gas,No,No,1
.06,19,16400,1480,64,3,0,1.5,5,electric,No,No,1
.5,15,37000,1917,64,4,1,2.5,7,gas,No,No,2
.3,30,24500,1938,64,3,1,1.5,9,gas,No,No,1
.33,3,11600,2110,64,4,1,2.5,8,gas,No,No,2
.14,19,18400,1479,64,3,0,1.5,5,gas,No,No,1
.69,34,34700,2576,64,5,1,2.5,9,gas,No,No,1
.38,18,60800,2445,82,4,2,2.5,9,gas,No,No,2
.74,14,73800,2185,64,3,1,2.5,7,gas,No,No,2
.38,18,82800,2078,64,4,1,2.5,8,electric,No,No,2
.38,37,29100,1674,64,3,1,1.5,5,gas,No,No,1
.29,19,20300,1228,64,4,0,1.5,9,electric,No,No,1
.28,22,19500,1375,64,2,1,1.5,7,electric,No,No,1
.54,16,30200,1650,64,3,1,2,5,gas,No,No,2
.26,31,21900,1718,64,3,1,1.5,9,gas,No,No,1
.59,33,31700,2576,64,4,1,2.5,9,gas,No,No,2
.37,4,37500,2280,64,4,1,2.5,7,gas,No,No,2
.4,18,25000,2088,64,4,1,2.5,10,gas,No,No,1
.5,15,37000,1917,64,4,1,2.5,9,gas,No,No,2
.54,29,30200,3140,64,5,1,3.5,10,gas,No,No,2
.22,73,6900,1029,82,3,0,1,4,gas,No,No,1
.35,36,39800,1896,64,4,1,2.5,7,gas,No,No,1
.52,38,29600,2310,64,5,1,2.5,9,gas,No,No,2
.31,17,19600,924,64,2,1,1,6,electric,No,No,1
.38,25,38000,2080,64,3,1,2.5,9,gas,No,No,1
.08,22,17200,1237,64,3,1,1.5,4,electric,No,No,1
.1,29,18000,1287,64,3,0,1.5,5,gas,No,No,1
.44,18,33200,1847,64,3,1,2.5,7,gas,No,No,1
.26,49,41900,1064,64,3,0,1,8,gas,No,No,1
.07,18,16800,1480,64,3,1,1.5,4,gas,No,No,1
.48,23,48500,2462,64,5,2,3.5,8,gas,No,No,2
.41,17,25400,2228,64,3,1,2.5,7,gas,No,No,1
.42,61,14700,1260,82,3,0,1,8,gas,No,No,1
.45,30,30000,1559,64,4,1,2.5,5,gas,No,No,1
.6,25,71000,1980,64,4,1,2.5,10,gas,No,No,2
.95,9,78000,2380,82,3,1,2.5,6,gas,No,No,2
.56,27,30800,1887,64,4,1,2.5,8,gas,No,No,1
1.25,133,43500,2185,64,4,1,1.5,11,gas,No,No,2
.7,15,69400,2488,64,4,1,2.5,7,electric,No,No,2
.67,56,21100,1152,64,1,0,2,3,gas,No,No,1
.66,15,32100,2025,64,4,1,2.5,9,gas,No,No,1
.62,37,32600,2521,64,5,1,2.5,12,gas,No,No,2
.08,18,17200,1480,64,3,0,1.5,4,gas,No,No,1
.08,17,17200,1480,64,3,1,1.5,5,gas,No,No,1
.51,7,39100,2362,64,4,1,2.5,8,gas,No,No,2
.28,31,23200,1910,64,3,1,1.5,7,gas,No,No,1
1,12,32000,1952,71,3,2,2,9,oil,No,No,1
.58,9,86400,3358,64,4,1,3.5,12,gas,No,No,2
.43,26,39000,2090,64,4,1,2.5,7,gas,No,No,2
.55,35,33000,1965,64,5,1,2,11,gas,No,No,1
.49,33,34100,2110,64,4,1,1.5,9,gas,No,No,1
.39,43,29600,1456,64,4,0,2.5,9,gas,No,No,1
.06,18,16400,1479,64,3,0,1.5,7,gas,No,No,1
.46,29,27400,1874,64,4,1,2.5,7,gas,No,No,1
.5,0,17500,2099,64,4,1,2.5,8,gas,No,No,2
.6,33,32000,1872,64,3,1,2.5,8,gas,No,No,1
.41,17,44300,2388,64,4,1,2.5,11,electric,No,No,2
.53,18,65800,2812,64,4,1,2.5,12,gas,No,No,2
.21,11,19100,1064,64,2,1,2,4,gas,No,No,1
.06,20,16400,1375,64,2,0,1.5,7,gas,No,No,1
.09,19,17600,1480,64,3,0,1.5,5,electric,No,No,1
.13,25,18300,1260,64,2,1,1.5,5,gas,No,No,1
.72,15,40300,2086,64,3,1,2.5,5,gas,No,No,2
1,9,43900,2588,64,4,1,2.5,12,oil,No,No,2
.18,18,18800,1480,64,3,0,1.5,4,electric,No,No,1
.74,10,35700,1752,64,3,1,2.5,7,gas,No,No,2
.48,32,28200,2660,64,4,1,2.5,11,gas,No,No,1
.58,20,69500,2417,64,3,1,2.5,9,gas,No,No,2
.01,21,79100,2793,64,3,1,2.5,7,gas,No,No,2
1,78,21200,1152,64,2,0,1,6,oil,No,No,1
.41,29,25400,2344,64,4,1,2.5,9,gas,No,No,1
.51,33,34600,1926,64,4,1,1.5,6,gas,No,No,1
.55,35,34800,2208,64,4,1,2.5,9,gas,No,No,1
.46,16,60500,2208,64,3,1,2.5,7,gas,No,No,2
.6,35,32000,2708,64,5,2,2.5,12,gas,No,No,2
.19,18,18900,1142,64,3,0,1.5,6,gas,No,No,1
1.42,32,48300,2529,64,3,1,2,7,gas,No,No,1
.69,20,35500,1797,64,4,0,2,9,electric,No,No,2
.51,31,34600,1611,64,3,1,1.5,4,gas,No,No,1
.29,13,31400,2576,64,4,1,2.5,10,gas,No,No,2
.06,10,79600,2653,82,4,0,2.5,10,gas,No,No,2
.6,13,88000,3896,64,5,2,4.5,12,gas,No,No,2
.53,16,37500,1585,64,3,1,1,6,gas,No,No,2
.38,10,38000,2774,64,4,1,2.5,8,gas,No,No,2
.74,54,28300,1283,64,2,1,1,3,gas,No,No,1
.56,29,34800,1136,64,3,0,1,6,oil,No,No,1
.71,32,35100,1896,64,4,1,2.5,6,gas,No,No,1
2.84,55,60200,1536,64,2,1,1,7,gas,No,No,1
.09,19,17600,1480,64,3,1,1.5,5,electric,No,No,1
.52,14,37300,2096,64,4,1,2.5,8,gas,No,No,2
1,8,40200,2324,64,4,0,2.5,7,gas,No,No,2
.5,29,29000,2079,64,4,1,2.5,7,gas,No,No,1
.43,33,31400,1911,64,4,1,1.5,10,gas,No,No,1
.09,18,17600,1480,64,3,1,1.5,7,gas,No,No,1
.11,25,32900,2208,64,4,1,2.5,10,gas,No,No,2
.24,9,28000,1462,64,3,0,2.5,7,gas,No,No,1
.39,38,29600,1794,64,4,1,1.5,10,gas,No,No,1
.8,38,35500,1886,64,4,1,2.5,9,gas,No,No,1
.19,19,13300,1080,64,3,0,1.5,7,electric,No,No,1
.59,34,31700,2576,64,5,1,3,11,gas,No,No,2
.48,26,31200,1508,64,4,1,1.5,5,gas,No,No,1
.46,35,32700,1672,64,4,1,1,5,gas,No,No,1
.4,35,30000,1739,64,4,1,1.5,9,gas,No,No,1
.52,40,29600,3074,64,7,1,2.5,12,gas,No,No,2
.86,3,35600,1976,64,3,1,2.5,8,gas,No,No,2
.46,37,27400,2302,64,4,1,2.5,8,gas,No,No,1
.95,13,9500,1480,51,3,1,2,4,gas,No,No,1
.63,11,17900,960,54,2,0,2,5,gas,No,No,1
.42,16,17400,1582,36,3,0,1.5,8,electric,No,No,1
.34,154,11900,1600,54,4,0,1,7,oil,No,No,1
.5,5,4000,2320,54,4,0,2.5,9,gas,No,No,2
.2,14,7200,1034,54,2,0,1.5,5,gas,No,No,1
2.96,19,11000,1488,57,3,0,1.5,8,electric,No,No,2
1,17,3500,1056,57,3,0,1,8,electric,No,No,1
1,128,16200,864,57,3,0,1,6,oil,No,No,1
1,19,17600,1552,57,3,1,2,4,electric,No,No,1
.52,11,18200,1816,57,3,1,1.5,6,gas,No,No,2
.48,20,12500,1530,57,3,1,2,6,gas,No,No,1
.33,14,11900,1756,54,4,0,2,8,gas,No,No,1
1,25,25000,4211,57,5,2,3.5,12,gas,No,No,2
2.6,10,20200,2206,57,3,1,2.5,7,oil,No,No,1
.15,64,36000,1092,36,2,0,1,6,oil,Yes,No,1
2.8,114,28300,1594,36,7,0,1,10,oil,No,No,1
.08,15,2100,1480,54,3,1,2.5,8,gas,No,No,1
.14,15,3200,1480,54,3,1,1.5,4,gas,No,No,1
.46,88,19700,3003,57,4,1,3.5,12,gas,No,No,2
.63,54,9500,2164,57,2,0,1.5,7,oil,No,No,2
3.8,19,14400,1519,57,2,0,1,3,oil,No,No,2
.46,15,15700,1604,57,3,1,2.5,4,oil,No,No,1
.98,25,15900,1400,57,3,1,2,5,electric,No,No,2
1,12,20300,1752,57,4,0,1,7,gas,No,No,2
1,32,20300,880,57,2,0,1.5,6,electric,No,No,1
6.07,14,25700,1240,57,3,0,2,5,oil,No,No,2
.03,17,18800,1514,36,3,1,1.5,8,gas,No,No,1
.18,2,15000,840,36,1,0,1,6,gas,No,No,1
.11,1,15000,840,36,2,0,1,3,gas,No,No,1
.28,124,7400,2592,36,4,0,1.5,12,gas,No,No,1
.18,121,7300,1010,36,3,0,1,7,gas,No,No,1
.16,2,15000,1380,36,3,0,1.5,6,gas,No,No,1
.15,3,15000,1366,36,3,0,1.5,8,gas,No,No,1
.5,5,40200,1681,57,3,1,2.5,4,gas,Yes,No,2
3.68,14,27200,2037,36,3,1,2,9,oil,No,No,2
.98,16,11200,2570,36,3,0,1.5,10,oil,No,No,1
.52,59,8000,936,20,2,0,1,4,oil,No,No,1
.01,13,1200,960,41,2,0,1.5,7,gas,No,No,1
.91,11,3200,1352,30,3,1,1.5,5,oil,No,No,1
.34,118,6200,1060,41,4,0,1,8,gas,No,No,1
2.06,6,40100,1508,30,3,0,2,5,oil,No,No,1
.35,54,19600,1272,60,4,1,1.5,9,oil,No,No,1
.47,18,18800,2389,27,6,0,3,11,oil,No,No,1
.7,17,28800,1210,60,2,1,1,4,gas,No,No,1
.39,52,21800,1230,60,3,1,1,6,oil,No,No,1
.52,47,28100,1832,60,4,1,2,8,oil,No,No,1
1.27,27,34200,1854,60,3,1,1.5,8,oil,No,No,2
2,164,40000,2268,60,3,0,2.5,10,oil,No,No,2
.68,29,28700,1807,60,3,1,1.5,8,oil,No,No,2
.38,48,21300,1272,60,4,1,1.5,5,gas,No,No,1
.28,12,4800,1560,47,3,1,1,8,gas,No,No,1
.07,15,200,1863,47,3,1,3.5,7,gas,No,No,2
.24,64,1400,1120,47,2,0,1,3,oil,Yes,No,1
.26,15,700,1832,47,2,1,2.5,8,gas,No,No,2
3.64,0,7400,2092,47,4,1,2.5,8,oil,No,No,2
.41,13,3100,2702,47,3,1,2.5,11,oil,No,No,2
.46,32,5800,1040,47,3,1,1.5,5,oil,No,No,1
.15,13,400,1758,47,2,1,2.5,6,gas,No,No,2
.16,116,6800,2326,27,3,0,2,7,oil,No,No,1
1,13,13700,2340,27,3,0,1.5,8,electric,No,No,1
2.61,1,15700,2058,27,3,1,2.5,9,oil,No,No,2
1,33,21700,944,27,1,1,1,4,oil,Yes,No,2
.19,44,9100,640,20,2,0,1,6,electric,No,No,1
.83,6,14700,2353,60,4,1,2.5,8,gas,No,No,2
1,7,17800,2038,54,4,1,2.5,7,gas,No,No,2
.42,32,18500,1469,60,4,0,1.5,9,gas,No,No,1
.87,10,41100,2219,63,3,1,2,10,gas,No,No,2
.68,16,19900,1774,54,4,0,2,7,gas,No,No,1
.38,51,14600,1296,60,4,1,2,9,oil,No,No,1
1.1,124,20100,2289,60,4,1,1.5,9,oil,No,No,2
.8,134,18100,2463,60,5,2,2.5,12,gas,No,No,2
.95,2,49200,3126,54,4,0,2.5,12,oil,No,No,2
4.1,15,26600,2550,54,3,0,2.5,7,oil,No,No,2
.34,49,13100,1182,60,2,0,1,6,oil,No,No,1
.09,48,15800,1890,60,4,1,2,7,oil,No,No,1
1,12,500,1944,36,3,1,2.5,7,oil,No,No,2
.57,6,15000,2815,57,4,1,2.5,10,gas,No,No,2
1,11,34900,1040,57,3,1,2,7,electric,No,No,1
.48,25,14400,1638,57,4,0,2,5,oil,No,No,1
.14,13,21100,2206,57,4,1,2.5,9,gas,No,No,2
.19,0,74800,3170,57,4,1,3.5,12,gas,No,Yes,2
.5,0,74800,2328,57,4,1,2.5,10,gas,No,Yes,2
.35,0,74800,2737,57,4,1,3,8,gas,No,Yes,2
.21,0,32000,2879,54,4,0,3,8,gas,No,Yes,2
3.47,1,20300,2158,54,3,1,2,10,gas,No,Yes,2
.55,11,19300,1336,57,3,1,2,7,gas,No,No,1
.53,4,4200,1594,54,3,0,2.5,6,gas,No,No,1
.54,11,18900,1603,57,3,0,1.5,4,gas,No,No,1
.54,11,18900,2190,57,4,0,2.5,11,gas,No,No,2
.32,10,10700,1478,54,3,1,2.5,5,gas,No,No,1
.25,10,8400,1348,54,2,0,2,7,gas,No,No,1
.32,36,8000,1558,54,3,1,1,6,gas,No,No,1
.5,13,18300,1574,54,3,1,1.5,7,gas,No,No,1
.04,13,16500,1612,54,4,0,2,7,gas,No,No,1
.21,129,7300,1216,54,3,0,1,7,gas,No,No,1
.17,124,6000,2256,54,4,0,1.5,8,gas,No,No,1
.51,28,15000,1170,54,3,1,1.5,4,oil,No,No,1
.17,29,4600,1456,57,3,0,2,6,oil,No,No,1
.11,29,3900,1320,57,3,0,3,5,electric,No,No,1
.14,14,20700,2076,57,4,1,2.5,10,gas,No,No,2
1,22,16800,1326,57,3,0,2,5,electric,No,No,1
.18,20,20900,2240,57,4,1,2.5,10,electric,No,No,2
1.29,19,21600,2100,57,4,1,3,7,gas,No,No,2
1,27,8300,1129,38,2,0,1,7,oil,No,No,1
.6,19,16000,2296,57,4,1,2.5,7,gas,No,No,1
.46,20,13800,1475,57,3,1,2,8,gas,No,No,1
1.03,20,20100,1268,57,3,1,1,6,gas,No,No,1
.47,15,14100,1816,57,3,1,2,7,gas,No,No,1
.5,30,15000,1632,57,4,1,2.5,8,gas,No,No,1
.26,11,8700,1254,54,2,0,1.5,5,gas,No,No,1
.49,30,64400,1272,57,3,0,1,4,gas,No,No,1
.28,29,80800,1604,57,4,0,1.5,6,gas,No,No,1
.52,0,77000,2474,57,4,1,2.5,11,gas,No,No,2
.15,0,36000,2057,57,3,1,2.5,9,gas,No,No,1
.05,6,32000,1852,57,3,0,2.5,8,electric,No,No,1
.09,1,51400,2242,57,3,0,3,8,gas,No,No,2
.49,32,64400,1564,57,4,1,1.5,9,gas,No,No,1
.19,24,39200,960,57,3,0,1,6,electric,No,No,1
.1,63,85000,1680,57,2,0,2.5,7,gas,No,No,1
.03,3,27000,1428,57,2,1,2.5,6,gas,No,No,1
.16,0,36800,1672,57,3,0,2.5,7,gas,No,No,1
.28,29,80800,2284,57,3,1,1.5,6,gas,No,No,2
.32,31,54200,1286,57,3,1,1,4,gas,No,No,1
.23,53,73000,1250,57,3,0,1,4,gas,No,No,1
.12,113,51300,1896,57,4,0,1.5,8,oil,No,No,2
.15,1,61000,2592,57,3,0,3,10,gas,No,No,2
.01,0,12500,1904,57,2,1,2,8,gas,No,No,2
.29,3,46400,1680,57,3,0,2,6,gas,No,No,2
.16,38,54900,1152,57,2,1,1,7,gas,No,No,1
.07,16,46600,1290,57,3,1,1.5,5,electric,No,No,1
.17,93,55800,2396,57,4,1,1.5,11,gas,No,No,2
.24,55,255000,3090,57,4,2,4,12,gas,No,No,2
.21,142,107000,1428,57,3,0,1,8,oil,No,No,2
.15,0,114000,1631,57,3,1,2.5,4,gas,No,No,2
.24,33,49100,1368,57,3,0,1,7,gas,No,No,1
.16,36,54900,1134,57,3,0,1,4,gas,No,No,1
.3,27,84600,1697,57,3,1,1.5,6,gas,No,No,1
.3,6,47000,1666,57,3,1,2.5,4,gas,No,No,1
.12,78,89000,1738,57,4,1,2.5,6,oil,No,No,2
.15,103,210000,1457,57,2,0,1.5,7,gas,No,No,2
.15,0,54000,1632,57,3,1,2.5,7,gas,No,No,2
1.4,12,128500,2186,57,3,0,2.5,6,gas,No,No,2
.15,0,95000,2117,57,3,1,2.5,6,electric,No,No,2
.25,32,50000,936,57,3,1,1,8,gas,No,No,1
.17,169,220000,3347,57,6,2,2.5,12,gas,No,No,2
.36,32,50600,1824,57,4,1,2.5,10,gas,No,No,1
.16,1,62600,2592,57,3,0,3,8,gas,No,No,2
.68,64,84200,1080,57,2,0,1,7,oil,No,No,1
1.22,2,194700,3148,57,5,0,3.5,12,gas,No,No,2
.25,150,115000,2128,57,3,1,1.5,8,gas,No,No,2
.06,18,28800,1616,57,3,0,1.5,8,gas,No,No,1
.23,5,73800,3313,57,4,1,2.5,12,gas,No,No,2
.48,25,57800,2327,57,3,1,1.5,10,gas,No,No,2
.24,32,49100,1640,57,4,1,1.5,7,gas,No,No,1
.12,73,89000,1421,57,3,0,1.5,5,gas,No,No,2
.15,103,54000,1280,57,2,1,1,3,gas,No,No,1
.34,3,82400,3467,57,4,1,2.5,11,gas,No,No,2
.11,83,87000,1250,57,3,0,1.5,5,gas,No,No,1
.25,33,50000,1368,57,3,0,1,5,gas,No,No,1
.13,1,110200,1396,57,3,0,2.5,8,gas,No,No,2
.04,15,36000,2004,57,3,1,2.5,8,gas,No,No,2
.12,1,56200,2242,57,3,0,3,6,gas,No,No,2
.39,0,85400,2786,57,4,1,2.5,8,gas,No,No,2
.07,0,48200,2242,57,3,0,2.5,6,gas,No,No,2
.34,33,55400,1404,57,3,0,1,6,gas,No,No,1
1,25,98500,1600,57,3,1,1.5,7,gas,No,No,1
.04,103,36000,1408,57,2,0,1,3,gas,No,No,1
.21,37,59400,972,57,3,0,1,8,gas,No,No,1
1.06,14,125100,4856,57,5,2,4,12,oil,No,No,2
.25,0,63000,2885,57,3,1,2.5,11,gas,No,No,2
.09,82,83000,1560,57,2,0,1,6,gas,No,No,2
.26,33,50600,1472,57,3,0,1,8,gas,No,No,1
.14,0,35200,2124,57,3,1,2.5,10,gas,No,No,1
.15,1,114000,2162,57,3,1,2.5,7,gas,No,No,2
.46,0,89600,2515,57,4,1,2.5,8,gas,No,No,2
.63,0,98500,2294,57,4,1,2.5,11,gas,No,No,2
.26,123,63300,1744,57,4,0,1,6,gas,No,No,1
.48,0,90800,2022,57,3,1,2.5,8,gas,No,No,2
.22,34,72000,1578,57,3,0,2,8,gas,No,No,2
.91,0,239300,3400,57,3,0,3,12,gas,Yes,No,2
.07,13,48200,1744,57,3,1,2.5,6,gas,No,No,2
.46,0,89600,2560,57,3,1,2.5,9,gas,No,No,2
.12,51,89000,1398,57,3,0,2.5,4,gas,No,No,2
.16,0,62600,2494,57,3,0,2.5,8,gas,No,No,2
.48,27,57800,2208,57,4,2,2.5,11,gas,No,No,2
.46,0,89600,2550,57,3,1,2.5,7,gas,No,No,2
.03,16,27000,1812,57,2,1,2.5,7,gas,No,No,2
.12,50,89000,1290,57,2,0,1,3,gas,No,No,1
.14,16,52200,1172,57,2,0,2,3,gas,No,No,1
1.04,10,192900,4128,57,3,2,3.5,12,gas,No,No,2
.49,17,64400,1816,57,3,1,2.5,5,electric,No,No,1
.65,4,99500,2628,57,4,1,2.5,8,gas,No,No,2
.15,0,36000,1254,57,3,1,2.5,4,gas,No,No,1
.15,113,54000,1660,57,4,1,1.5,9,gas,No,No,1
.5,43,73500,1850,57,3,1,1.5,7,gas,No,No,1
.14,0,35200,1258,57,3,0,2,8,gas,No,No,1
.23,0,42400,1219,57,3,0,2,5,gas,No,No,1
.14,14,59400,1850,57,3,1,2.5,6,gas,No,No,2
.29,9,52400,2103,57,3,0,2.5,7,gas,No,No,2
.23,3,73800,1806,57,3,1,2.5,8,gas,No,No,2
.23,52,250000,1674,57,2,1,1.5,4,gas,No,No,2
.08,0,49800,2242,57,3,0,2.5,10,gas,No,No,2
.03,103,27000,1408,57,3,0,1.5,4,gas,No,No,1
1,20,124800,3457,57,3,2,2.5,12,electric,No,No,2
.16,28,50400,1728,57,3,0,1.5,6,gas,No,No,1
1,16,125900,2354,57,3,2,2.5,6,electric,No,No,2
.42,4,87200,2246,57,3,1,2.5,9,gas,No,No,2
.18,0,119700,1902,57,2,1,2.5,4,gas,No,No,2
.3,30,53000,1178,57,3,0,1,7,gas,No,No,1
.73,0,103500,2896,57,4,1,3.5,11,gas,No,No,2
1.03,24,124800,2457,57,3,1,3,9,gas,No,No,2
.25,32,50000,936,57,3,0,1,8,gas,No,No,1
.19,123,103000,934,57,2,0,1,7,gas,No,No,1
.29,30,52400,1279,57,3,1,1,6,gas,No,No,1
.39,6,69400,1888,57,3,0,2,5,gas,No,No,1
.27,33,63700,1686,57,4,1,1.5,7,gas,No,No,1
.25,22,61000,2310,57,2,1,3,7,gas,No,No,2
.32,1,48200,1200,57,3,0,1.5,4,gas,No,No,1
.27,50,78800,1944,57,3,1,2.5,7,gas,No,No,2
.36,51,50600,1184,57,3,0,1,5,electric,No,No,1
.36,3,83600,2000,57,3,1,2.5,5,gas,No,No,2
.07,14,48200,1744,57,3,1,2.5,9,gas,No,No,2
.12,3,108300,1620,57,3,1,2.5,7,gas,No,No,2
.35,1,67000,2359,57,4,0,2.5,11,gas,No,No,2
.62,1,98000,2230,57,3,0,2.5,10,gas,No,No,2
.07,94,46800,1147,57,2,0,1.5,3,gas,No,No,1
.27,2,78200,2205,57,3,1,2.5,10,gas,No,No,2
.42,4,87200,3243,57,4,0,2.5,11,gas,No,No,2
.48,34,57800,1431,57,3,0,1.5,5,gas,No,No,1
.36,35,56600,936,57,3,0,1,7,gas,No,No,1
.3,33,53000,1368,57,3,0,1.5,7,gas,No,No,1
.07,16,48200,1800,57,3,1,2.5,8,electric,No,No,2
.17,16,49500,1920,57,3,1,1.5,9,gas,No,No,1
.11,83,87000,1416,57,3,0,2,7,gas,No,No,2
.14,77,93000,616,57,2,0,1,5,gas,No,No,1
.1,79,85000,1488,57,4,0,1.5,5,gas,No,No,2
.11,84,87000,1320,57,3,1,1.5,6,oil,No,No,2
.06,18,45800,1250,57,2,0,1.5,5,gas,No,No,1
.32,32,54200,1286,57,3,1,1,6,gas,No,No,1
.38,0,84800,2886,57,4,1,2.5,10,gas,No,No,2
.42,36,60200,1279,57,3,1,1,4,gas,No,No,1
.2,104,56700,1074,57,3,0,1,7,gas,No,No,1
.58,52,78300,1304,57,3,1,1,4,gas,No,No,2
.04,17,36000,3191,57,3,2,3.5,12,gas,No,No,2
.3,44,64700,1056,57,3,0,1,5,gas,No,No,1
.03,18,19200,1468,57,3,1,2.5,4,gas,No,No,1
.08,115,81000,1598,57,3,0,1.5,6,gas,No,No,2
.14,84,93000,1160,57,3,0,1.5,4,gas,No,No,2
.12,104,89000,1028,57,2,0,1,5,gas,No,No,2
.2,104,105000,2014,57,6,0,1,11,gas,No,No,2
.48,34,63800,1296,57,3,0,1,7,gas,No,No,1
.27,56,62500,932,57,2,0,1,3,gas,No,No,1
.06,15,45800,1290,57,3,1,1.5,5,gas,No,No,1
.17,19,37600,1448,57,2,0,1.5,5,gas,No,No,1
.24,29,49100,1368,57,3,0,1,5,gas,No,No,1
.87,25,90800,3046,57,4,1,1.5,11,gas,No,No,2
.23,32,48200,1272,57,3,0,1.5,8,gas,No,No,1
.59,18,69500,1822,57,4,0,2.5,6,gas,No,No,2
.41,31,105700,1579,57,4,0,1.5,6,gas,No,No,2
.29,32,52400,1660,57,4,1,1.5,7,gas,No,No,1
.32,36,144900,2452,57,3,1,2.5,10,oil,No,No,2
.14,94,50200,2004,57,3,0,2,9,gas,No,No,2
1.07,0,193200,4210,57,4,1,3.5,12,gas,No,No,2
.33,32,54800,1640,57,4,0,1.5,9,gas,No,No,1
.17,144,99000,2847,57,3,1,1.5,7,gas,No,No,2
.5,18,65000,1816,57,3,1,2,7,gas,No,No,2
.87,19,93300,2028,57,4,0,2,10,oil,No,No,1
.22,40,54500,775,57,2,0,1,7,gas,No,No,1
.33,34,54800,1368,57,2,0,1,6,gas,No,No,1
.24,34,49100,936,57,3,0,1.5,8,gas,No,No,1
.15,1,114000,1680,57,2,1,2.5,4,gas,No,No,2
.3,33,53000,1368,57,3,0,1,6,gas,No,No,1
.4,34,53000,1326,57,3,1,1.5,7,gas,No,No,1
.21,62,107000,1579,57,3,1,2,4,oil,No,No,2
.25,32,50000,1286,57,3,0,1,8,gas,No,No,1
.84,25,207700,2132,57,3,2,2.5,7,gas,No,No,2
.39,3,85400,2000,57,3,1,2.5,6,gas,No,No,2
.14,3,112100,2222,57,3,0,2.5,6,gas,No,No,2
.41,99,139000,2641,57,4,0,2,9,gas,No,No,2
0,5,412600,2472,57,3,1,2.5,9,gas,Yes,No,2
.07,16,48200,1926,57,2,2,3,6,electric,No,No,2
.12,4,108300,1534,57,3,0,2.5,8,gas,No,No,2
.25,39,44000,1490,57,3,0,1.5,4,gas,No,No,2
.22,46,72000,1126,57,3,1,2,8,gas,No,No,2
.23,33,61200,1435,57,3,0,1.5,8,gas,No,No,2
.42,44,60200,1136,57,3,0,1.5,8,gas,No,No,1
.15,2,114000,2162,57,3,1,2.5,9,gas,No,No,2
.34,5,82400,2328,57,3,1,2.5,7,gas,No,No,2
.43,2,87800,2754,57,3,1,2.5,10,gas,No,No,2
.17,40,37600,1504,57,4,0,1.5,6,gas,No,No,1
.39,14,58400,2473,57,4,1,3.5,7,gas,No,No,2
.31,35,47600,2072,57,4,1,2.5,8,gas,No,No,1
.03,18,19200,1480,57,3,1,2.5,7,gas,No,No,1
.17,135,99000,2096,57,3,2,2.5,8,gas,No,No,2
.11,80,50400,1050,57,2,0,1,6,gas,No,No,1
.02,17,18000,1650,57,2,1,2.5,5,gas,No,No,2
.34,26,92300,1596,57,3,0,1.5,6,gas,No,No,2
.17,44,99000,979,57,3,0,2,8,gas,No,No,2
.16,18,53800,1393,57,2,0,1.5,6,gas,No,No,1
.46,44,70200,864,57,2,0,1,7,gas,No,No,1
1,1,106800,2744,57,4,0,2.5,10,gas,No,No,2
.06,15,46600,2300,57,3,1,3,10,gas,No,No,2
.29,34,52400,1612,57,3,1,1,5,gas,No,No,1
1.08,14,193300,2640,57,4,1,2.5,12,gas,No,No,2
.63,19,65500,775,57,1,0,1,6,oil,No,No,2
.34,26,49400,2470,57,4,1,2.5,10,gas,No,No,2
.58,6,80000,3124,57,4,1,3,9,gas,No,No,2
1,14,192500,3254,57,4,1,2.5,12,gas,No,No,2
.4,34,59000,1544,57,3,0,2.5,7,gas,No,No,1
.17,139,1900,1410,38,6,0,1.5,9,gas,No,No,1
.46,44,2100,906,38,2,0,1,3,gas,No,No,1
.23,66,3600,1512,38,3,1,1,8,gas,No,No,1
.2,77,3400,1232,38,3,1,1,8,gas,No,No,1
.21,54,3500,921,38,2,0,1,7,gas,No,No,1
.18,70,3100,1287,38,3,0,1,4,gas,No,No,1
.16,17,5200,2600,38,4,0,3,12,electric,No,No,2
.13,124,1500,1302,38,3,0,2,8,gas,No,No,1
.47,20,4700,1144,38,3,0,1,6,gas,No,No,1
.45,39,5500,1703,38,3,0,2,6,gas,No,No,2
.59,15,4500,1553,38,3,1,2,4,electric,No,No,1
.38,15,1700,1040,38,2,0,1,3,electric,No,No,1
.55,11,7500,2124,38,4,0,3,10,gas,No,No,2
.52,13,4500,1344,38,3,0,2,5,gas,No,No,1
.46,66,3900,884,38,2,0,1,3,gas,No,No,1
.76,11,3800,1812,38,3,0,1.5,7,oil,No,No,1
.46,43,5500,880,38,3,0,1,4,gas,No,No,1
.17,134,2300,1256,38,3,0,2,5,gas,No,No,1
.34,15,5000,1826,38,3,1,2.5,6,gas,No,No,1
.1,126,1100,1134,38,3,0,1.5,7,gas,No,No,1
.54,41,5300,1916,38,4,1,2.5,8,gas,No,No,1
.75,3,1700,1272,38,3,0,1.5,7,gas,No,No,1
.43,39,4900,960,38,3,0,1,6,gas,No,No,1
.15,65,2500,1152,38,2,0,1.5,4,gas,No,No,1
.52,13,4500,840,38,2,0,1,4,gas,No,No,1
.46,34,5500,2106,38,5,0,2,11,gas,No,No,1
.52,10,2500,1632,38,3,0,2,8,gas,No,No,1
.41,9,300,1092,38,3,0,2,8,gas,No,No,1
.44,25,13200,1634,57,3,1,1.5,8,gas,No,No,1
.46,26,13800,1890,57,3,1,2.5,7,gas,No,No,1
.48,32,18400,2224,57,5,2,2.5,11,gas,No,No,2
.65,22,16500,1475,57,3,1,2,6,electric,No,No,1
.08,16,2100,1480,54,3,1,1.5,5,gas,No,No,1
.58,36,13300,1368,54,3,1,1,4,gas,No,No,1
.14,7,7200,1200,36,3,0,1,8,gas,No,No,1
.14,0,7400,840,36,2,0,1,7,gas,No,No,1
.68,54,25900,1176,47,3,0,2,8,oil,No,No,1
.13,0,7400,1380,36,3,0,2,4,gas,No,Yes,1
.29,0,11300,1786,36,3,0,2.5,7,gas,No,Yes,1
.22,17,3400,1480,54,3,0,1.5,4,gas,No,No,1
.5,13,15300,1574,54,3,1,1.5,7,gas,No,No,1
.18,154,7500,950,54,2,0,1.5,5,oil,No,No,1
.55,14,25300,3178,57,4,1,3.5,12,gas,No,No,2
.28,16,10600,1342,57,3,0,1.5,7,gas,No,No,1
.35,20,12000,1336,57,2,1,1.5,5,electric,No,No,1
.25,10,8400,1542,54,3,0,2.5,6,gas,No,No,1
2.68,11,21400,2272,54,4,1,3.5,8,oil,No,No,1
.2,15,3400,1480,54,2,1,2.5,4,gas,No,No,1
.02,8,14000,2506,57,4,2,2.5,10,gas,No,No,2
.37,1,15800,1852,30,4,0,2,6,oil,No,No,1
.45,19,14000,1055,57,2,1,1,7,gas,No,No,1
.36,21,40000,1392,57,3,0,1.5,7,gas,No,No,1
.75,53,6500,1608,57,3,1,2,5,oil,No,No,1
.69,15,16900,1564,57,3,1,2,6,gas,No,No,2
.46,17,18400,2068,57,4,1,2.5,10,gas,No,No,2
.69,13,21900,2516,57,4,0,2.5,11,oil,No,No,2
.89,14,19300,1684,38,4,0,1.5,5,electric,No,No,1
.47,18,14100,1481,57,3,0,1.5,5,gas,No,No,1
.15,67,2600,999,20,3,0,1,6,oil,No,No,1
.46,17,4420,896,20,2,0,1,3,oil,No,No,1
.77,50,3000,792,20,2,1,1,7,oil,No,No,2
.85,34,50400,2747,27,4,2,3.5,12,oil,No,No,2
.01,1,43300,2277,63,4,0,2.5,8,gas,No,Yes,2
.02,19,14900,1281,63,2,1,2.5,6,gas,No,No,1
.57,14,43200,2462,63,4,1,2.5,10,gas,No,No,2
.6,9,57000,2897,63,4,2,2.5,12,gas,No,No,2
.41,4,37600,2672,63,4,1,3.5,8,electric,No,No,2
.29,21,26300,1932,63,3,0,1.5,8,gas,No,No,1
.47,11,25500,1320,63,3,0,2.5,7,gas,No,No,1
.61,6,23900,3296,63,4,1,2.5,12,gas,No,No,2
1.14,6,82100,3279,63,4,1,3,11,gas,No,No,2
.48,4,37100,3204,63,4,1,2.5,9,gas,No,No,2
.01,16,9900,1217,63,2,0,2.5,6,electric,No,No,1
.31,37,21500,1782,63,3,1,1.5,6,gas,No,No,1
.21,16,28800,1180,63,2,1,1.5,6,gas,No,No,1
.21,16,28000,1452,63,3,1,2,8,electric,No,No,1
.46,13,36600,2140,63,4,1,2.5,8,gas,No,No,2
.01,16,9900,1219,63,2,0,1.5,6,electric,No,No,1
.44,39,24100,1518,63,4,1,1.5,5,gas,No,No,1
.35,0,233000,3328,63,4,1,2.5,12,gas,No,Yes,2
.57,10,54600,2344,63,3,0,2.5,10,gas,No,No,2
.49,74,10600,960,23,2,0,1,7,gas,No,No,1
.04,6,28800,1544,63,3,0,2.5,8,gas,No,No,2
.46,7,36400,2873,63,4,1,2.5,8,gas,No,No,2
.22,18,29600,1180,63,2,1,1.5,6,gas,No,No,1
.62,38,15100,1368,63,3,0,1.5,6,gas,No,No,1
.49,10,38400,1904,63,4,1,2.5,8,gas,No,No,2
.51,11,26900,1320,63,3,0,2,8,gas,No,No,2
1,34,25200,1594,63,3,1,1.5,5,gas,No,No,1
.46,8,38100,1847,63,3,1,2.5,7,gas,No,No,2
.46,1,36600,3125,63,4,1,2.5,12,gas,No,Yes,2
.47,7,20000,2004,63,4,1,2.5,10,gas,No,No,2
.49,36,27800,1623,63,3,1,1.5,8,gas,No,No,1
.23,40,22000,1120,41,3,0,1,7,oil,No,No,1
.36,2,53900,2363,63,5,1,2.5,11,gas,No,No,2
.94,9,48200,2572,63,4,1,2.5,11,gas,No,No,2
.34,25,9200,1548,63,3,0,1.5,5,electric,No,No,1
1,11,26700,2734,63,3,0,2.5,11,gas,No,No,2
.53,8,38800,1462,63,3,1,2,5,gas,No,No,2
.09,15,25500,1558,63,2,0,2.5,7,gas,No,No,1
.52,34,14000,1664,63,3,0,1.5,8,oil,No,No,1
.37,16,24500,1877,63,4,1,3,10,gas,No,No,2
.33,37,21400,1838,63,3,1,1,7,gas,No,No,1
.5,9,37800,2368,63,4,1,2.5,11,gas,No,No,2
.33,32,22500,2104,63,5,1,1.5,11,gas,No,No,1
.31,16,36800,1180,63,2,0,1.5,7,gas,No,No,1
.53,11,38800,2399,63,4,1,2.5,11,gas,No,No,2
.11,15,15400,1232,63,2,1,1.5,4,gas,No,No,1
.14,17,19600,1180,63,2,0,1.5,6,gas,No,No,1
.55,2,39500,2022,63,4,1,2.5,9,gas,No,No,2
.14,19,21000,1364,63,2,1,1.5,5,gas,No,No,1
.15,17,21000,1343,63,2,1,2.5,6,gas,No,No,1
1,70,35900,1492,63,3,0,1,7,oil,No,No,2
.37,37,24500,999,63,3,1,1,6,gas,No,No,1
.34,24,27000,2102,54,3,1,2.5,9,gas,No,No,1
.32,18,27000,1656,54,3,1,1.5,4,gas,No,No,1
.33,18,27000,1561,54,3,0,1.5,7,electric,No,No,1
.15,19,15700,988,54,2,0,2,7,electric,No,No,1
.32,17,27000,1765,54,5,1,2,9,gas,No,No,1
.16,20,15700,912,54,2,1,1.5,4,electric,No,No,1
.16,17,15100,1592,54,3,0,1.5,7,electric,No,No,1
.06,54,3600,1344,54,5,0,1,8,electric,No,No,1
.16,17,15100,1385,54,2,1,1.5,7,electric,No,No,1
.15,17,15100,1385,54,2,0,1.5,5,electric,No,No,1
.15,17,15100,1679,54,2,0,1.5,7,electric,No,No,1
.15,20,15700,908,54,2,0,1,7,electric,No,No,1
.31,16,27000,1527,54,2,1,2,5,gas,No,No,1
.16,20,15700,912,54,2,0,1.5,3,electric,No,No,1
.15,18,15100,1184,54,2,0,1.5,3,electric,No,No,1
.46,26,24500,1719,63,3,1,1.5,7,electric,No,No,1
.16,19,15100,1080,54,2,1,1,6,electric,No,No,1
.33,16,27000,2118,54,4,1,2,9,electric,No,No,2
.33,16,27000,2527,54,3,0,1.5,10,electric,No,No,2
.49,15,25000,1592,54,3,1,1.5,8,gas,No,No,2
.32,18,27000,1294,54,3,0,1,4,electric,No,No,1
.94,33,25200,1974,63,4,1,2.5,8,gas,No,No,1
.16,17,15700,988,54,2,1,2,7,electric,No,No,1
.36,20,27000,1508,54,3,1,2,8,gas,No,No,2
.16,17,15600,908,54,2,0,1,4,electric,No,No,1
.35,20,27000,1910,54,4,1,2,7,electric,No,No,2
.15,18,15700,912,54,2,0,1.5,5,electric,No,No,1
.16,20,15700,912,54,2,0,1.5,5,electric,No,No,1
.16,19,15700,988,54,2,0,2,4,electric,No,No,1
.35,20,27000,1748,54,2,0,2,4,electric,No,No,1
.16,18,15700,912,54,2,1,1.5,3,electric,No,No,1
.15,17,15100,1385,54,3,0,1.5,8,electric,No,No,1
.43,15,25000,1300,54,3,0,1.5,7,gas,No,No,2
.15,17,15600,908,54,2,0,1,7,electric,No,No,1
1,25,21700,1900,54,3,0,2,7,electric,No,No,2
.33,16,27000,2191,54,3,1,2.5,7,electric,No,No,1
.16,25,15100,1080,54,2,1,1,4,gas,No,No,1
.59,15,25000,1300,54,3,1,1.5,5,gas,No,No,1
.4,1,15000,2458,63,4,1,2.5,10,gas,No,No,2
.35,22,10500,1040,63,3,0,1,4,electric,No,No,1
.44,0,13000,2886,63,4,1,3,12,gas,No,Yes,2
.14,8,3700,1840,23,3,0,1,6,gas,No,No,1
.37,19,13000,1988,63,2,0,1,4,electric,No,No,1
1,43,22900,672,57,2,0,1,3,oil,No,No,2
1.96,13,18400,1512,57,2,0,2,4,oil,No,No,1
.16,20,15700,912,54,2,1,1.5,6,electric,No,No,1
.15,19,15700,912,54,2,0,1.5,6,electric,No,No,1
.15,17,15000,1385,54,2,0,1.5,5,electric,No,No,1
.31,18,27000,1508,54,3,1,1.5,8,gas,No,No,1
.15,17,15100,1385,54,2,0,1.5,5,electric,No,No,1
.15,19,15100,1628,54,3,0,2.5,6,electric,No,No,1
.16,17,15100,1592,54,3,0,1.5,5,electric,No,No,1
.06,54,3600,1344,54,5,0,1,7,electric,No,No,1
.16,17,15100,1385,54,2,1,1.5,7,electric,No,No,1
.15,17,15100,1385,54,2,0,1.5,4,electric,No,No,1
.15,17,15100,1679,54,2,0,1.5,4,electric,No,No,1
.15,20,15700,908,54,2,0,1,3,electric,No,No,1
.31,16,27000,1527,54,2,1,2,7,gas,No,No,1
.16,20,15700,912,54,2,0,1.5,3,electric,No,No,1
.15,18,15100,1184,54,2,0,1.5,3,electric,No,No,1
.46,26,24500,1719,63,3,1,1.5,5,electric,No,No,1
.16,19,15100,1080,54,2,1,1,5,electric,No,No,1
.33,16,27000,2118,54,4,1,2,10,electric,No,No,2
.33,16,27000,2527,54,3,0,1.5,8,electric,No,No,2
.49,15,25000,1592,54,3,1,1.5,7,gas,No,No,2
.32,18,27000,1294,54,3,0,1,4,electric,No,No,1
.94,33,25200,1974,63,4,1,2.5,9,gas,No,No,1
.16,17,15700,988,54,2,1,2,3,electric,No,No,1
.36,20,27000,1508,54,3,1,2,7,gas,No,No,2
.16,17,15600,908,54,2,0,1,4,electric,No,No,1
.35,20,27000,1910,54,4,1,2,10,electric,No,No,2
.15,18,15700,912,54,2,0,1.5,7,electric,No,No,1
.16,20,15700,912,54,2,0,1.5,7,electric,No,No,1
.16,19,15700,988,54,2,0,2,5,electric,No,No,1
.35,20,27000,1748,54,2,0,2,6,electric,No,No,1
.16,18,15700,912,54,2,1,1.5,6,electric,No,No,1
.15,17,15100,1385,54,3,0,1.5,7,electric,No,No,1
.43,15,25000,1300,54,3,0,1.5,4,gas,No,No,2
.15,17,15600,908,54,2,0,1,5,electric,No,No,1
1,25,21700,1900,54,3,0,2,8,electric,No,No,2
.33,16,27000,2191,54,3,1,2.5,8,electric,No,No,1
.16,25,15100,1080,54,2,1,1,5,gas,No,No,1
.59,15,25000,1300,54,3,1,1.5,5,gas,No,No,1
.4,1,15000,2458,63,4,1,2.5,11,gas,No,No,2
.35,22,10500,1040,63,3,0,1,8,electric,No,No,1
.44,0,13000,2886,63,4,1,3,11,gas,No,Yes,2
.14,8,3700,1840,23,3,0,1,7,gas,No,No,1
.37,19,13000,1988,63,2,0,1,5,electric,No,No,1
1,43,22900,672,57,2,0,1,5,oil,No,No,2
1.96,13,18400,1512,57,2,0,2,6,oil,No,No,1
.28,52,23200,1635,63,4,0,1.5,5,oil,No,No,1
.31,39,25100,1672,63,4,0,1.5,5,gas,No,No,1
.25,26,29000,1892,63,3,2,2,6,gas,No,No,1
.56,18,30800,1652,63,3,1,2,6,gas,No,No,1
.6,21,91600,2513,63,4,1,2.5,8,gas,No,No,2
.47,1,14100,3336,63,4,1,3.5,12,gas,No,No,2
.05,17,16000,1302,63,2,1,1.5,4,gas,No,No,1
.58,16,38200,2006,63,3,1,2,5,gas,No,No,2
.29,27,22700,1836,63,4,1,1.5,8,gas,No,No,1
1,49,69600,1994,60,3,1,2,9,oil,No,No,2
.5,19,29000,1652,63,3,1,2,6,gas,No,No,1
.57,8,31100,1888,63,3,1,2.5,7,gas,No,No,2
.08,19,17200,1480,63,3,1,1.5,5,gas,No,No,1
.2,19,19000,1234,63,2,1,2,7,electric,No,No,1
.3,31,24500,1778,63,3,1,1.5,7,gas,No,No,1
.65,23,72000,2514,63,5,1,2.5,10,gas,No,No,2
.56,35,30800,2700,63,4,1,2.5,10,gas,No,No,2
.7,21,39200,2330,63,4,1,3.5,8,gas,No,No,2
.6,33,32000,2676,63,4,1,2.5,11,gas,No,No,1
2.85,25,54700,2180,60,4,1,2,8,electric,No,No,2
.47,21,48300,2284,63,4,1,2.5,9,gas,No,No,2
.06,19,16400,1314,63,2,0,1.5,6,electric,No,No,1
.41,35,44300,2396,63,4,1,2.5,11,gas,No,No,2
.57,45,33200,2088,63,4,1,2,8,gas,No,No,1
.48,39,28200,2310,63,5,1,2.5,11,gas,No,No,1
.53,19,65800,2040,63,4,1,2.5,10,gas,No,No,2
12.2,19,111300,2599,63,3,1,2.5,11,electric,No,No,2
.61,16,29100,1702,63,3,1,1.5,6,gas,No,No,2
.49,18,28600,2125,63,4,1,2.5,8,gas,No,No,2
.6,38,32000,2310,63,4,1,2.5,10,gas,No,No,1
.12,31,18200,1431,63,3,0,1.5,8,gas,No,No,1
.15,20,18500,924,63,2,0,1,7,gas,No,No,1
.77,126,36300,1799,60,3,1,1,6,gas,No,No,1
.26,23,18200,976,63,3,0,2,5,electric,No,No,1
.66,19,53000,2217,63,4,1,2.5,8,gas,No,No,2
.57,102,25800,1969,77,4,2,1,6,oil,No,No,1
.47,19,75200,2376,63,3,1,2.5,8,gas,No,No,2
.48,18,36700,1585,63,3,1,1.5,5,gas,No,No,1
.46,32,32700,1453,63,4,1,2,7,gas,No,No,2
.57,12,67300,2973,63,4,1,3,11,oil,No,No,2
.43,37,31400,1612,63,3,1,1.5,7,gas,No,No,1
.58,4,17400,2734,63,3,1,2.5,9,gas,No,No,2
.15,22,18500,1479,63,3,1,1.5,5,electric,No,No,1
.14,19,18400,945,63,2,0,1,3,electric,No,No,1
.4,25,25000,1938,63,4,1,2.5,8,gas,No,No,2
.1,174,32800,1364,63,5,1,1,9,oil,No,No,1
.5,2,15000,3242,63,4,1,2.5,11,gas,No,No,2
.42,23,57500,1571,63,3,2,2,7,gas,No,No,2
.09,21,17600,1314,63,2,1,1.5,6,electric,No,No,1
.46,3,16100,2413,63,4,1,1.5,11,gas,No,No,2
.48,56,31800,900,77,2,1,1,5,oil,No,No,1
.58,0,17400,3157,63,4,1,3.5,10,gas,No,No,2
.28,102,22400,908,60,2,1,1,7,oil,No,No,1
.13,20,18300,924,63,2,0,1,6,electric,No,No,1
.12,18,18200,1138,63,2,1,1,6,electric,No,No,1
.45,38,27000,2310,63,5,1,2.5,12,gas,No,No,2
.46,30,30400,1874,63,4,1,2,9,gas,No,No,1
.29,20,20300,1228,63,4,0,1.5,6,electric,No,No,1
.06,19,16400,1479,63,3,1,1.5,5,gas,No,No,1
.44,38,31800,1612,63,3,0,1.5,6,gas,No,No,1
.49,22,48800,2088,63,4,1,2.5,6,electric,No,No,2
.4,4,30000,2131,63,4,1,2.5,10,gas,No,No,2
.15,20,18500,924,63,2,1,1,5,gas,No,No,1
.34,74,24800,1692,60,4,0,1.5,8,electric,No,No,1
.28,82,12600,1568,63,3,0,1,7,gas,No,No,1
.57,35,33200,2262,77,4,1,2.5,9,gas,No,No,2
.61,8,71200,2960,63,4,1,2.5,10,gas,No,No,2
.45,31,27000,1683,63,4,1,2.5,8,gas,No,No,1
.86,36,35800,2680,63,5,1,3.5,12,gas,No,No,2
.38,26,40100,2742,77,3,1,3,8,oil,No,No,2
.5,30,29000,2012,63,4,1,2.5,10,gas,No,No,2
.35,31,27800,2702,63,5,1,1.5,9,gas,No,No,2
.13,21,18300,1314,63,2,1,1.5,6,gas,No,No,1
.56,38,34800,1672,63,3,1,1.5,8,gas,No,No,1
.2,55,7700,1200,63,2,0,1,4,oil,No,No,1
.29,4,35800,1700,63,3,1,2.5,6,gas,No,No,1
.5,40,29000,2652,63,5,1,3.5,12,gas,No,No,2
.77,16,74400,3062,63,4,1,2.5,9,gas,No,No,2
.09,25,17600,1290,63,2,1,1.5,5,gas,No,No,1
.22,23,15400,1012,63,3,0,2,5,electric,No,No,1
.71,35,35100,2310,63,4,1,2.5,7,gas,No,No,2
.33,31,26500,2026,63,3,1,2.5,7,gas,No,No,2
1,18,31800,1404,63,3,0,1,6,gas,No,No,2
.23,13,34100,1782,60,3,0,1,8,gas,No,No,2
.11,15,42000,2002,63,3,1,2.5,8,gas,No,No,2
.61,36,35100,1782,63,4,1,1.5,7,gas,No,No,1
.46,11,27400,2212,63,4,1,2.5,10,oil,No,No,2
1.28,84,34600,1872,63,4,0,1,7,oil,No,No,2
.71,36,35100,1804,63,4,1,2.5,7,gas,No,No,2
.47,41,27800,1910,63,3,1,2.5,5,gas,No,No,2
.42,28,30900,1632,63,3,1,1.5,7,gas,No,No,1
1.93,16,131500,3824,63,3,2,4,12,gas,No,No,2
.48,32,33600,1196,63,3,0,1.5,5,gas,No,No,1
.42,30,23200,2259,63,4,1,2.5,11,gas,No,No,2
.48,39,25400,1690,63,3,1,2,6,gas,No,No,2
.12,19,18200,1227,63,2,1,2,6,gas,No,No,1
1.48,57,36000,1278,63,3,1,1,7,gas,No,No,1
.33,77,33500,668,60,1,0,1,2,oil,No,No,1
.46,17,60500,2762,63,4,1,2.5,8,gas,No,No,2
.32,38,42500,1558,63,3,1,1,4,gas,No,No,1
.92,11,36100,1352,63,3,0,2,5,electric,No,No,1
.46,37,27400,1920,63,5,1,2.5,9,gas,No,No,2
.34,6,36000,1940,63,3,1,2.5,7,gas,No,No,2
.23,30,19300,1249,63,3,0,1.5,8,gas,No,No,1
.28,27,19600,1576,63,3,0,2.5,4,gas,No,No,1
.07,30,16800,1419,63,3,0,1.5,4,gas,No,No,1
.29,4,35800,1700,63,3,1,2.5,7,gas,No,No,2
.77,15,38700,2748,63,4,1,3.5,8,gas,No,No,2
.33,18,35500,1792,63,3,1,2.5,7,gas,No,No,2
.66,36,35300,1724,63,3,0,1.5,8,electric,No,No,2
1,15,83600,2692,63,3,1,3.5,8,gas,No,No,2
.39,29,24600,1734,63,4,1,2.5,7,oil,No,No,2
.31,32,25100,2014,63,3,1,1.5,7,gas,No,No,2
.42,36,30900,2056,63,4,1,1.5,9,gas,No,No,2
.46,36,32700,1745,63,4,0,1.5,6,gas,No,No,1
.14,13,18400,1352,63,2,1,1.5,5,gas,No,No,1
.5,30,29000,2259,63,4,1,2.5,9,gas,No,No,2
.35,33,35300,2572,60,3,1,2.5,11,gas,No,No,2
.15,18,18500,924,63,2,1,1,7,electric,No,No,1
.32,21,35000,2000,63,3,0,1.5,7,gas,No,No,1
.17,21,11900,929,63,2,0,1.5,6,gas,No,No,1
.48,42,15800,1540,77,4,0,1,7,oil,No,No,1
.77,44,47000,1730,63,3,1,2,9,oil,No,No,2
.95,50,36800,1500,63,3,1,1,5,oil,No,No,1
.53,10,65800,2522,63,4,1,2.5,12,gas,No,No,2
.06,19,16400,1479,63,3,1,1.5,4,electric,No,No,1
.46,36,32700,1922,63,4,1,1.5,9,gas,No,No,1
.18,20,12600,1215,63,2,1,1.5,5,gas,No,No,1
.47,33,33200,2772,63,5,2,3,12,gas,No,No,2
.47,6,16500,2574,63,4,0,2.5,12,gas,No,No,2
.19,21,18900,945,63,2,0,1,3,electric,No,No,1
1.82,19,130700,2914,63,4,1,3.5,10,gas,No,No,2
.21,19,14700,1480,63,3,0,1.5,7,electric,No,No,1
.42,32,29400,1914,63,3,1,1.5,5,gas,No,No,2
.36,27,37000,1354,63,3,1,2,5,gas,No,No,1
.49,4,36900,2302,63,4,1,2.5,7,gas,No,No,2
.21,19,19100,1234,63,2,1,2,6,electric,No,No,1
.09,18,17600,1480,63,3,0,1.5,6,electric,No,No,1
.29,27,33000,1665,63,4,1,2,5,gas,No,No,2
.4,6,12000,2182,63,3,1,2.5,10,gas,No,No,2
.23,18,19300,924,63,2,1,1,7,electric,No,No,1
1,19,49300,1220,63,3,0,2,5,electric,No,No,1
.09,18,17600,1480,63,3,0,1.5,8,electric,No,No,1
.08,21,17200,1375,63,2,1,1.5,3,electric,No,No,1
.47,22,61300,2003,63,3,1,2.5,7,gas,No,No,2
.07,15,1800,1480,54,2,1,2.5,5,gas,No,No,1
.06,15,1600,1480,54,3,0,1.5,6,gas,No,No,1
.25,11,8300,1456,54,3,0,1,8,gas,No,No,1
.72,5,27200,1888,57,3,1,2.5,9,gas,No,No,2
.92,28,8700,1112,54,3,0,1,8,oil,No,No,1
.19,16,3400,1480,54,2,1,1.5,6,gas,No,No,1
.07,15,1800,1480,54,2,1,2.5,3,electric,No,No,1
.35,27,7900,1836,54,3,0,2,5,gas,No,No,1
.98,96,16100,1522,54,4,0,2,7,oil,No,No,1
2.92,1,20000,2709,36,3,1,2.5,10,gas,No,No,2
.99,10,9900,1020,57,3,0,2,5,oil,No,No,1
4,20,14000,2208,36,4,1,2,10,gas,No,No,2
.46,18,7800,1368,57,3,0,1,7,electric,No,No,1
.8,28,18000,2488,57,4,1,2.5,7,gas,No,No,2
.46,7,18400,1865,57,3,0,2.5,8,gas,No,No,2
.46,10,18400,3174,57,4,0,4,12,gas,No,No,2
.74,17,23000,2944,57,5,1,2.5,12,gas,No,No,2
.46,23,7800,960,57,3,0,1,4,gas,No,No,1
.82,15,15000,3142,57,4,1,2.5,11,gas,No,No,2
.46,32,11500,1666,57,4,1,2,9,oil,No,No,1
.07,77,14100,708,57,2,1,1,7,oil,No,No,1
.79,17,17900,1598,57,3,1,2,8,oil,No,No,2
1,13,4000,1564,27,3,1,2,4,gas,No,No,1
.63,14,5500,1224,36,3,0,1.5,7,gas,No,No,1
.21,77,3500,1379,36,3,0,1,7,gas,No,No,1
.41,41,25400,2310,64,4,1,2.5,7,gas,No,No,2
.01,14,1200,960,33,2,0,1.5,6,gas,No,No,1
1.28,16,50000,960,21,3,0,1,8,electric,No,No,2
1.64,52,25700,1820,52,4,2,2.5,7,gas,No,No,2
.33,95,2500,1632,27,3,0,2,4,oil,No,No,1
.09,90,5900,1594,40,2,0,2,3,gas,No,No,2
1.19,16,17900,1290,62,3,0,2,5,oil,No,No,1
.4,11,300,1560,36,3,0,1.5,7,gas,No,No,1
.9,46,7400,1453,36,4,1,1.5,7,oil,No,No,1
1,40,17000,1664,62,3,1,2,8,oil,No,No,1
.1,18,16200,2169,62,3,1,2.5,10,electric,No,No,2
.02,9,20000,1420,62,3,0,1,8,gas,No,No,1
.18,71,3100,1441,36,3,0,1.5,8,gas,No,No,1
.76,4,18100,1016,62,3,0,1.5,5,gas,No,No,1
.46,0,15200,2947,52,4,1,2.5,10,gas,No,Yes,2
.59,11,16700,1652,62,3,0,1.5,5,oil,No,No,1
.91,105,13200,1927,62,3,0,1.5,7,oil,No,No,2
1,11,16000,960,62,3,0,1,5,gas,No,No,1
.46,28,15700,1804,62,3,1,1.5,7,electric,No,No,1
.23,1,72300,2616,62,4,1,2.5,8,gas,No,No,2
1.2,42,17900,1116,62,2,0,1.5,6,oil,No,No,1
1,52,19200,2147,62,2,1,1.5,7,oil,No,No,1
.87,36,17400,876,62,2,2,1.5,3,oil,No,No,1
.79,26,16100,2102,62,4,1,2.5,10,electric,No,No,2
1,15,12100,1776,62,3,1,1.5,5,oil,No,No,2
4.84,3,21500,1996,62,3,1,3,8,gas,No,No,2
.16,165,7200,1759,35,3,0,1,5,gas,No,No,1
1,10,16200,1014,62,3,0,1,7,gas,No,No,1
.29,5,7400,2270,35,4,0,2.5,10,gas,No,No,2
.31,85,3400,1548,27,3,0,1.5,8,oil,No,No,1
.39,3,15000,1620,35,3,0,2,4,gas,No,No,1
1.05,40,49800,2608,52,4,2,2.5,8,gas,No,No,2
1,15,24500,1080,35,3,0,2,4,electric,No,No,1
.3,76,38300,1140,50,3,0,2,5,gas,Yes,No,2
.6,34,2700,1152,36,3,0,1,5,gas,No,No,1
5.52,20,5900,1056,36,2,0,1,7,electric,No,No,1
.48,2,13400,1257,62,3,0,2,8,gas,No,No,1
.15,25,7200,936,35,2,1,1.5,3,gas,No,No,1
.04,30,1400,1140,33,3,0,1.5,5,electric,No,No,1
.01,14,1200,960,33,2,0,1.5,3,gas,No,No,1
.25,6,15000,1058,35,2,0,1.5,4,gas,No,No,1
1,29,23000,768,35,2,0,1,6,electric,No,No,1
2,14,38900,2048,52,4,1,2.5,10,oil,No,No,2
.29,7,1100,1198,33,2,1,2,3,gas,No,No,1
1,27,5000,2430,50,4,0,1,9,electric,No,No,2
.41,35,1300,918,50,3,0,1,7,oil,No,No,1
.89,46,4500,2722,50,4,1,1.5,11,oil,No,No,2
.46,0,11100,2364,33,4,1,2.5,8,gas,No,No,2
1,15,5000,1440,50,3,0,1,4,oil,No,No,1
.27,27,4600,1744,50,3,0,1,7,oil,No,No,2
.14,105,600,2280,33,4,0,1.5,10,oil,No,No,1
.42,130,1700,1736,33,3,0,2,5,oil,No,No,1
.74,95,2700,883,50,1,0,1,2,oil,No,No,1
.1,145,600,1001,50,2,0,1,5,gas,No,No,1
1.73,34,11500,1296,50,3,0,1,5,oil,No,No,2
.47,14,16400,2304,40,3,1,2.5,9,electric,No,No,2
.62,13,28500,2076,52,3,1,2.5,9,gas,No,No,2
.34,51,19000,1468,52,4,0,1,5,oil,No,No,1
.34,50,19000,1272,52,3,1,1.5,5,gas,No,No,1
3.28,11,39900,1900,43,3,1,2.5,9,oil,No,No,2
.47,53,23700,1548,52,3,0,1.5,8,oil,No,No,2
2,35,36600,2212,52,4,1,1.5,8,electric,No,No,2
.3,0,35800,2376,52,4,1,2.5,10,gas,No,No,2
.41,33,13500,1712,52,3,1,1.5,7,oil,No,No,1
.99,1,5000,2660,62,4,1,3.5,8,gas,No,No,2
.29,5,25000,1487,36,3,0,3,5,oil,No,No,2
2.03,30,10200,1532,36,3,1,1.5,8,electric,No,No,2
.61,21,16100,2486,62,4,1,2.5,11,gas,No,No,2
.46,25,13800,1918,62,3,0,2,8,gas,No,No,2
.51,47,14600,1270,21,3,0,1,7,oil,No,No,1
.17,19,15200,1406,40,2,0,1.5,7,electric,No,No,1
.15,18,15100,1385,40,2,0,1.5,6,electric,No,No,1
.45,16,25000,1300,40,3,0,1.5,4,gas,No,No,2
.87,0,108900,3259,40,4,1,2.5,10,gas,No,Yes,2
.08,9,1000,1536,36,3,0,1.5,7,gas,No,No,1
.58,14,19000,1636,35,4,1,1.5,9,oil,No,No,1
.41,15,18700,1944,35,3,1,1.5,7,gas,No,No,1
.46,19,18800,1676,35,3,1,2,7,gas,No,No,2
.47,12,10700,1040,36,3,0,1,5,gas,No,No,1
.01,13,1000,1800,36,3,1,2.5,7,gas,No,No,2
.14,85,7800,1394,21,3,1,1.5,6,oil,No,No,1
.47,5,20400,1885,21,2,1,2,7,oil,Yes,No,2
.61,1,19500,1056,21,3,0,2,4,oil,No,No,1
.16,38,54900,1593,62,3,0,1.5,4,gas,No,No,1
.05,125,45000,1436,62,4,0,1,5,oil,No,No,1
.38,34,57800,1668,62,4,1,1.5,5,gas,No,No,1
.25,35,50000,1302,62,3,0,2,4,gas,No,No,1
.37,33,57200,1239,62,3,1,1,7,gas,No,No,1
.31,85,64400,840,62,2,0,1,3,oil,No,No,1
.19,55,103000,780,62,2,0,1.5,6,gas,No,No,2
.29,3,64400,1728,62,3,0,2.5,7,gas,No,No,2
.18,140,56700,1666,62,3,0,1,8,gas,No,No,2
.24,4,75400,2022,62,3,1,2.5,7,gas,No,No,2
.08,46,183300,2225,62,4,1,2,9,gas,No,No,2
.17,115,53700,1023,62,2,0,1,6,gas,No,No,2
.13,17,51400,1290,62,2,0,1.5,4,electric,No,No,2
.48,31,72600,3968,62,5,4,3.5,12,gas,No,No,2
.14,129,93000,1699,62,4,0,1,9,gas,No,No,2
.48,27,57800,2137,62,4,0,1,9,gas,No,No,2
.03,5,27000,1428,62,2,1,2.5,4,gas,No,No,2
.24,35,49100,936,62,3,0,1,8,gas,No,No,1
.21,3,70600,2586,62,4,1,3,10,gas,No,No,2
.16,6,36800,1373,62,3,1,2,5,gas,No,No,2
.28,33,51800,1272,62,3,0,1,6,gas,No,No,1
.3,33,53000,1368,62,3,1,2,8,gas,No,No,1
.29,18,46400,2120,62,4,1,2.5,11,gas,No,No,2
.3,34,53000,1279,62,2,0,1,5,gas,No,No,1
.53,35,66500,1104,62,2,0,1,3,gas,No,No,1
.28,41,64000,1092,62,3,1,1,4,gas,No,No,2
.11,121,87000,2247,62,4,0,2,10,gas,No,No,2
.18,53,101000,1146,62,4,0,1.5,7,gas,No,No,2
.53,23,225800,3250,62,3,2,2.5,10,gas,No,No,2
.35,18,50000,1920,62,4,1,2.5,10,gas,No,No,2
.5,0,65000,1932,62,3,1,2,7,gas,No,No,2
.14,4,112100,1620,62,3,0,2.5,7,gas,No,No,2
.22,50,72000,1640,62,3,0,1,4,gas,No,No,2
.17,39,55800,1040,62,5,0,1.5,6,gas,No,No,1
5.35,37,137800,1676,62,4,0,2,8,oil,No,No,2
.33,16,48800,1991,62,3,1,2.5,6,gas,No,No,2
.24,17,60200,1908,62,4,1,3.5,9,gas,No,No,2
.57,85,62500,966,62,3,0,1,4,oil,No,No,2
.03,19,27000,1815,62,2,1,2.5,5,gas,No,No,2
.3,32,53000,1664,62,3,0,1,7,gas,No,No,1
.04,19,25600,1216,62,2,1,2,4,gas,No,No,2
.16,33,54900,1564,62,3,0,2,7,gas,No,No,1
.31,32,143200,2752,62,4,1,2.5,10,gas,No,No,2
.25,35,50000,936,62,3,0,1,4,gas,No,No,1
.14,95,50800,1617,62,4,0,1.5,9,gas,No,No,2
.12,69,195000,1452,62,3,1,2,5,gas,No,No,2
.31,5,80600,1911,62,3,1,2.5,6,gas,No,No,2
.28,31,80800,1580,62,3,0,1.5,4,gas,No,No,2
.27,34,51200,1920,62,3,1,1,5,gas,No,No,1
.21,80,115000,1155,62,4,0,1.5,7,gas,No,No,2
.34,3,82400,3770,62,4,1,2.5,12,gas,No,No,2
.04,18,36000,1675,62,2,1,2.5,6,gas,No,No,2
.21,33,107000,912,62,3,0,1,4,gas,No,No,2
.17,115,55800,1510,62,3,0,1,8,gas,No,No,2
.16,35,54900,864,62,2,0,1,6,gas,No,No,1
.46,35,62600,1600,62,4,0,2,6,gas,No,No,2
.07,15,48200,1744,62,3,1,2.5,5,gas,No,No,2
.69,3,101500,3208,62,4,1,2.5,11,gas,No,No,2
.06,16,45800,1290,62,2,0,1.5,7,gas,No,No,2
.03,19,27000,1900,62,2,1,2.5,7,gas,No,No,2
1,25,24700,2808,35,3,0,1,11,oil,No,No,1
.19,18,7300,1576,35,3,0,1.5,4,gas,No,No,2
.2,135,7300,1118,35,3,0,1,5,gas,No,No,1
1.09,8,23000,1752,35,3,2,2,6,gas,No,No,2
.02,32,22500,1753,35,3,0,1.5,5,electric,No,No,1
1,14,128500,2186,62,3,0,2.5,10,gas,No,No,2
.25,35,50000,1800,62,2,0,1,5,gas,No,No,1
.46,30,56600,2462,62,5,1,2.5,10,gas,No,No,2
.2,50,70000,1286,62,5,0,2,10,gas,No,No,2
.16,35,97000,1337,62,3,0,1,8,gas,No,No,1
.17,5,37600,1170,62,2,1,2.5,4,gas,No,No,2
.55,53,73400,1185,62,3,0,1,4,gas,No,No,2
.5,19,59000,2424,62,4,1,2.5,8,gas,No,No,2
.09,125,83000,1828,62,3,0,1.5,7,gas,No,No,2
.34,41,80000,2176,62,4,1,2.5,8,electric,No,No,2
.39,4,85400,2000,62,3,1,2.5,6,gas,No,No,2
.18,10,38400,1340,62,3,1,2.5,8,gas,No,No,2
.13,52,63000,1208,62,3,0,1,6,gas,No,No,2
.19,2,57600,2244,62,4,1,2.5,10,gas,No,No,2
.3,31,53000,1592,62,3,1,1.5,7,gas,No,No,1
.39,17,52400,1831,62,3,1,2.5,7,gas,No,No,2
.01,37,182600,1093,62,2,1,1.5,5,gas,No,No,2
.12,110,89000,1460,62,2,0,1,5,gas,No,No,2
.25,152,115000,2128,62,3,1,1.5,10,gas,No,No,2
.24,30,49100,1368,62,3,0,1,5,gas,No,No,1
.15,1,36000,2200,62,3,1,2.5,8,gas,No,No,2
.25,23,61000,2310,62,2,1,3,8,gas,No,No,2
.04,12,25600,1776,62,3,1,2.5,7,gas,No,No,2
.05,8,32000,1852,62,3,0,2.5,9,electric,No,No,2
.32,42,144900,1092,62,2,0,2,4,gas,No,No,2
.11,121,87000,2247,62,4,0,2,8,gas,No,No,2
.11,19,49800,1311,62,3,0,1.5,8,gas,No,No,1
.13,4,110200,1392,62,3,0,2.5,4,gas,No,No,2
.4,33,59000,1116,62,4,0,1.5,8,gas,No,No,1
.1,115,49500,812,62,2,0,1,4,gas,No,No,1
.48,27,31700,1872,52,4,1,2.5,8,gas,No,No,1
.75,8,20500,1248,40,3,0,2,5,electric,No,No,1
.19,3,97300,1702,52,2,0,2,4,gas,Yes,No,2
.51,57,13300,1346,52,2,1,1,4,oil,No,No,1
.63,20,17700,1596,52,3,1,2,6,gas,No,No,2
.09,57,1000,884,36,3,0,1,7,gas,No,No,1
.13,137,700,814,36,2,0,1,3,gas,No,No,1
.19,71,3200,720,36,2,0,1,5,gas,No,No,1
.57,28,2600,2051,36,3,0,1,5,electric,No,No,1
.92,11,2600,1590,36,2,1,2,6,oil,No,No,2
.35,39,1600,1202,36,3,0,1,6,electric,No,No,1
.86,16,4300,2016,36,3,0,1.5,5,oil,No,No,2
.8,6,2000,1274,36,3,1,2,6,gas,No,No,2
.36,40,3600,960,36,3,0,1,5,oil,No,No,1
.44,47,4000,1056,36,3,0,1,6,gas,No,No,1
.25,12,5200,1820,36,3,0,3.5,8,oil,No,No,2
.65,27,16500,2486,62,4,1,2.5,7,gas,No,No,2
.46,27,13800,1890,62,3,0,2.5,9,gas,No,No,2
.7,84,4600,1274,36,4,1,1,6,oil,No,No,1
.55,14,3000,1716,36,4,0,2,6,oil,No,No,2
.35,22,12000,1336,62,2,1,1.5,4,electric,No,No,1
.96,45,8700,1392,62,3,0,1,5,gas,No,No,2
.54,1,20400,2346,62,4,0,2.5,10,gas,No,No,2
.47,19,14100,1475,62,3,0,1.5,7,gas,No,No,1
.52,16,5500,1248,27,3,0,2,6,electric,No,No,1
.15,16,10000,1920,27,4,1,2.5,10,electric,No,Yes,1
.65,2,4000,2040,27,4,0,2.5,8,oil,No,No,2
1.34,15,75700,2649,21,3,1,3,7,electric,Yes,No,2
.17,105,4100,1500,64,3,0,1,6,oil,No,No,1
.53,1,233000,3163,64,4,1,2.5,10,gas,No,Yes,2
.14,18,19600,1343,64,2,1,1.5,4,gas,No,No,1
.46,17,36600,1573,64,3,1,2,5,gas,No,No,2
.09,18,20500,1270,64,3,1,1.5,4,electric,No,No,1
.41,14,26700,1316,64,3,0,1.5,8,gas,No,No,1
.48,11,47400,3092,64,4,1,2.5,11,gas,No,No,2
.44,7,24200,1328,64,3,1,2.5,8,gas,No,No,2
.42,14,28500,2560,64,4,1,2.5,12,oil,No,No,2
.12,17,16800,1343,64,2,1,2.5,6,gas,No,No,1
.46,1,3200,3250,64,4,1,3,12,gas,No,Yes,2
.35,1,233000,3086,64,3,1,2.5,8,gas,No,Yes,2
.66,155,25200,1080,64,2,1,1,3,oil,No,No,1
.13,16,18200,1120,64,2,1,1.5,6,gas,No,No,1
.46,1,70100,2876,64,5,1,3.5,12,gas,No,No,2
.01,19,9900,1281,64,2,0,2.5,3,electric,No,No,1
.62,9,57800,2900,64,4,1,2.5,10,gas,No,No,2
.08,18,20400,1512,64,2,1,1.5,7,gas,No,No,1
.58,1,233000,2879,64,4,1,2.5,9,gas,No,Yes,2
.69,3,43700,2537,64,4,1,2,11,gas,No,No,2
.35,37,23500,1056,64,3,0,1,4,gas,No,No,1
.14,16,19600,1296,64,2,1,1.5,6,gas,No,No,1
.13,18,20900,1512,64,2,1,1.5,3,electric,No,No,1
.47,27,32000,1338,64,3,1,2,7,oil,No,No,1
.33,10,35400,2368,64,4,1,2.5,7,gas,No,No,2
.46,8,25100,1528,64,3,0,2.5,4,gas,No,No,2
.89,27,30900,1857,64,4,1,2.5,8,gas,No,No,2
.49,0,233000,3320,64,4,1,2.5,12,gas,No,Yes,2
.46,14,36600,2227,64,4,1,2.5,10,gas,No,No,2
.13,6,46500,2742,64,4,1,2.5,11,gas,No,No,2
.5,9,37800,2988,64,5,1,2.5,11,gas,No,No,2
.35,17,37000,1656,64,3,1,1.5,8,gas,No,No,1
.01,9,28400,1760,64,3,1,2.5,5,gas,No,No,2
.38,39,25000,1702,64,4,1,1.5,8,gas,No,No,2
.37,38,24500,1682,64,3,1,1.5,4,gas,No,No,2
.21,17,28800,1180,64,2,1,1.5,4,gas,No,No,1
.64,3,153800,2885,64,4,1,2.5,10,gas,No,No,2
.02,20,14900,1281,64,2,0,2.5,3,electric,No,No,1
.24,18,29500,1596,64,3,1,2,4,gas,No,No,2
.16,21,15100,1184,40,3,0,2,4,electric,No,No,1
.46,1,108900,2745,40,4,1,3,8,gas,No,Yes,2
.46,1,108900,2680,40,4,1,2.5,11,gas,No,Yes,2
.35,1,108900,2483,40,3,1,2.5,10,gas,No,Yes,2
.92,19,25000,1188,40,3,0,1,4,oil,No,No,1
.3,1,108900,2366,40,4,1,3,7,gas,No,Yes,2
.31,19,27000,1508,40,3,1,1.5,4,gas,No,No,1
1,50,20500,792,40,2,0,1,4,oil,No,No,1
.44,1,108900,3285,40,4,1,2.5,10,gas,No,No,2
.15,18,15100,1673,40,2,0,2,5,gas,No,No,1
.33,7,26000,2000,64,4,0,2.5,7,gas,No,No,2
.33,18,27000,1561,40,3,1,1.5,4,electric,No,No,2
.4,1,108900,2828,40,4,1,3,9,gas,No,Yes,2
.16,18,15100,1592,40,3,0,1.5,8,electric,No,No,1
.16,18,15100,1184,40,3,0,2,8,electric,No,No,1
.17,14,10200,1708,40,2,1,2,4,oil,No,No,2
.17,26,15200,1276,40,2,1,2,6,electric,No,No,1
.15,20,15100,1184,40,2,0,1.5,3,electric,No,No,1
.17,21,15800,908,40,2,0,1,5,electric,No,No,1
.95,15,32800,1612,64,3,1,2,6,gas,No,No,2
.16,19,15700,912,40,2,1,1.5,3,electric,No,No,1
.33,17,27000,1508,40,3,1,1.5,6,electric,No,No,2
.16,18,15100,1492,40,3,0,2.5,6,electric,No,No,1
.1,25,6000,874,40,3,1,1,5,electric,No,No,2
.59,33,26400,1573,64,4,1,2.5,6,gas,No,No,2
.24,115,7200,1227,64,3,1,1,5,gas,No,No,1
.53,13,31300,2494,64,3,1,2.5,7,gas,No,No,2
.17,21,15800,912,40,2,0,1.5,7,electric,No,No,1
.15,20,15700,988,40,2,0,1,7,electric,No,No,1
.54,1,108900,2762,40,4,1,3,9,gas,No,Yes,2
.64,33,26500,2625,64,4,1,2.5,10,gas,No,No,2
.47,28,24600,1222,64,2,0,1,6,electric,No,No,2
.49,1,108900,3144,40,4,1,2.5,10,gas,No,Yes,2
.45,16,25000,1173,40,3,1,1,5,gas,No,No,1
.17,21,15800,908,40,2,0,1,3,electric,No,No,1
.92,16,32700,2274,64,4,1,2.5,10,gas,No,No,2
.16,18,15700,908,40,2,0,1,4,gas,No,No,1
.43,16,25000,1540,40,3,0,1.5,6,gas,No,No,2
.49,28,24900,1196,64,4,1,2,7,gas,No,No,2
.45,16,25000,1780,40,3,1,1.5,9,gas,No,No,2
.34,1,108900,2670,40,4,1,3,8,gas,No,Yes,2
.34,26,27000,1581,40,3,1,1.5,5,gas,No,No,2
.15,18,15100,1592,40,3,0,1.5,7,electric,No,No,1
.37,14,31200,2011,40,4,1,2.5,8,gas,No,No,2
.27,105,56500,1391,40,2,1,1,4,electric,Yes,No,2
1.08,15,21100,2636,40,4,3,2.5,8,gas,No,No,2
.31,19,27000,1656,40,3,1,1.5,6,electric,No,No,2
.04,130,2400,1518,64,3,0,1,8,gas,No,No,1
.41,84,18200,1182,64,3,1,1.5,8,oil,No,No,1
.44,9,26000,1836,64,3,0,2.5,8,gas,No,No,2
.62,14,31600,1529,64,2,1,2,6,gas,No,No,2
.37,0,108900,2715,40,4,1,3,10,gas,No,Yes,2
.16,21,15100,1184,40,2,0,1.5,3,electric,No,No,1
.75,14,3700,1120,36,3,0,1.5,6,oil,No,No,1
.15,15,2500,1008,36,3,0,1,4,gas,No,No,1
.37,18,2500,1008,36,3,0,1,7,electric,No,No,1
.41,57,4800,2077,36,3,1,2,7,oil,No,No,2
1.61,26,4500,1572,36,3,0,1.5,4,electric,No,No,2
.63,34,5000,1874,36,4,0,1.5,9,oil,No,No,1
.11,50,1300,768,36,2,0,1,6,gas,No,No,1
.29,3,3800,1552,36,3,1,2.5,5,gas,No,No,1
1,1,3400,2331,36,4,1,2.5,8,gas,No,No,2
.36,48,3600,960,36,2,0,1,3,gas,No,No,1
.36,19,13000,1720,64,3,0,1.5,9,electric,No,No,2
.34,20,13000,1437,64,3,0,1.5,8,electric,No,No,2
.34,19,13000,1510,64,3,0,2,8,oil,No,No,1
.72,21,26000,3021,28,4,1,2.5,11,electric,No,No,2
.35,12,13000,1960,64,4,0,2.5,8,gas,No,No,2
.39,11,13000,2112,64,3,1,2.5,10,gas,No,No,2
.38,0,13000,2917,64,4,1,3,10,gas,No,No,2
.16,21,15700,912,40,2,1,1.5,4,electric,No,No,1
.37,1,108900,2244,40,3,1,2.5,10,gas,No,Yes,2
.15,18,15100,1202,40,2,0,1.5,4,electric,No,No,1
.34,19,27000,2601,40,4,1,2.5,10,gas,No,No,2
.81,1,108900,2492,40,3,1,2.5,9,gas,No,Yes,2
.3,1,108900,2680,40,4,0,2.5,11,gas,No,Yes,2
.35,1,108900,2271,40,3,1,2.5,6,gas,No,Yes,2
.33,17,27000,2012,40,3,1,3,6,electric,No,No,2
.09,13,6700,920,40,3,0,1,8,electric,No,No,1
1.94,5,110000,2111,40,3,1,2,9,gas,No,No,2
.15,20,15100,1184,40,3,1,2,4,gas,No,No,1
.32,1,108900,2627,40,4,1,3,10,gas,No,Yes,2
.39,1,108900,2641,40,4,1,3,9,gas,No,Yes,2
.51,25,25000,1736,40,3,1,1.5,8,gas,No,No,2
.31,19,27000,1656,40,3,1,1.5,7,electric,No,No,2
.15,22,15100,1168,40,3,1,1.5,6,electric,No,No,1
.15,18,15100,1385,40,2,1,1.5,3,gas,No,No,1
.18,85,3600,969,64,2,0,1,4,oil,No,No,1
.32,17,27000,1508,40,3,1,1.5,6,gas,No,No,2
.14,26,15100,1602,40,2,1,1.5,7,gas,No,No,1
.17,19,15800,912,40,2,1,1.5,4,electric,No,No,1
.15,18,15100,1128,40,2,0,1.5,3,electric,No,No,1
.16,18,15100,1514,40,3,1,1.5,5,electric,No,No,1
.37,19,27000,1535,40,3,0,2,5,electric,No,No,2
.45,1,108900,2722,40,4,0,3,9,gas,No,Yes,2
.44,1,108900,2711,40,4,1,2.5,9,gas,No,Yes,2
.88,1,108900,3020,40,4,1,3,11,gas,No,Yes,2
.5,1,108900,2712,40,4,0,2.5,10,gas,No,Yes,2
1,19,21400,2556,64,4,1,2.5,8,electric,No,No,2
.17,21,15200,1184,40,3,0,2,4,electric,No,No,1
.16,21,15700,912,40,2,1,1.5,3,gas,No,No,1
.32,18,27000,2212,40,4,1,2.5,10,gas,No,No,2
.09,25,15100,1602,40,2,1,1.5,3,gas,No,No,1
.47,1,108900,3285,40,4,1,3,12,gas,No,Yes,2
.15,20,15100,1406,40,2,0,1.5,3,electric,No,No,1
.34,20,27000,1472,40,3,1,2,6,gas,No,No,2
.17,57,10200,1072,40,2,0,1,6,oil,No,No,1
.48,15,30000,2504,64,5,1,2.5,10,gas,No,No,2
.16,18,15100,1184,40,2,0,1.5,3,electric,No,No,1
.15,20,15700,912,40,2,1,1.5,5,electric,No,No,1
.54,10,30000,2120,40,3,0,2.5,7,gas,No,No,2
.53,1,108900,3344,40,4,1,3.5,11,gas,No,Yes,2
.4,25,27000,2243,40,3,1,2.5,6,electric,No,No,2
.16,21,15700,908,40,2,0,1,3,electric,No,No,1
.55,1,108900,2714,40,4,0,3,12,gas,No,Yes,2
.33,18,27000,1360,40,3,1,1.5,8,electric,No,No,2
.47,27,24600,1719,64,3,1,1.5,5,electric,No,No,2
.48,28,24800,1404,64,3,1,1.5,6,electric,No,No,1
.56,0,108900,2134,40,4,1,2.5,9,gas,No,Yes,2
.17,20,15800,912,40,2,0,1.5,6,electric,No,No,1
.34,9,30000,1423,40,3,1,1.5,8,electric,No,No,2
.33,10,30000,2044,40,3,0,2,5,gas,No,No,2
.85,28,3900,896,36,2,0,1,4,oil,No,No,1
.37,55,4600,1380,36,3,1,1.5,6,oil,No,No,1
.34,41,3500,960,36,3,0,1,7,gas,No,No,1
.14,44,2400,840,36,2,0,1,4,gas,No,No,1
.54,35,5700,1820,36,4,0,1.5,8,gas,No,No,1
.92,19,5000,2144,36,3,1,2.5,8,oil,No,No,2
.1,17,5100,1610,36,3,0,2,8,gas,No,No,2
.75,6,1700,1752,36,3,0,2.5,7,gas,No,No,2
.38,36,3300,1729,36,4,1,1.5,8,gas,No,No,1
.59,37,4400,1056,36,3,0,1,6,gas,No,No,1
.42,21,12250,1292,64,3,0,1.5,6,electric,No,No,1
.41,35,7200,832,64,3,0,1,8,oil,No,No,1
.36,0,13000,2256,64,4,1,2.5,8,gas,No,Yes,2
.48,20,10000,1274,64,3,1,2,4,electric,No,No,2
.52,18,13000,1608,64,3,0,2.5,4,electric,No,No,2
.36,13,13000,1868,64,3,1,2.5,9,gas,No,No,2
.35,21,36500,1554,64,3,0,1,4,electric,No,No,1
.56,34,30800,3604,64,6,1,3.5,12,gas,No,No,2
.49,41,28600,1887,64,4,1,2.5,8,gas,No,No,2
2,52,84000,1326,64,3,0,1,7,oil,No,No,2
.49,30,28600,1876,64,3,1,2.5,6,gas,No,No,2
.4,34,30000,1672,64,3,1,0,5,gas,No,No,1
.57,35,34900,2064,64,4,1,2.5,6,gas,No,No,1
.21,19,19100,1138,64,2,1,1,4,electric,No,No,1
1,19,36000,1814,64,3,1,1.5,7,gas,No,No,2
.32,28,35000,2380,64,4,1,1.5,10,electric,No,No,2
.2,24,14000,976,64,2,0,2,3,electric,No,No,1
1,21,116300,2886,64,4,2,2.5,9,gas,No,No,2
.55,8,19300,2483,64,4,1,2.5,10,gas,No,No,2
.45,35,32300,1846,64,3,1,1.5,6,gas,No,No,2
.49,17,36900,2592,64,4,1,2.5,12,gas,No,No,2
.63,21,39100,1792,64,3,0,1.5,9,electric,No,No,2
.47,35,27800,2588,64,4,1,2.5,10,gas,No,No,2
.81,53,21600,1210,64,3,0,1,7,gas,No,No,1
.09,26,17600,1290,64,2,1,1.5,3,gas,No,No,1
.79,11,86900,2444,75,4,1,3,11,gas,No,No,2
.46,34,27400,2376,64,4,2,2.5,9,gas,No,No,2
.09,20,17600,1480,64,3,0,1.5,4,gas,No,No,1
.08,22,17200,1375,64,2,0,1.5,4,gas,No,No,1
.44,40,26600,2676,64,4,1,2.5,11,gas,No,No,2
.3,32,24500,1778,64,3,1,1.5,6,gas,No,No,2
.6,28,28800,2570,64,5,1,2.5,12,gas,No,No,2
.57,9,34900,1272,64,2,0,1.5,6,gas,No,No,2
.29,30,23900,1852,64,3,1,1.5,6,gas,No,No,2
.61,10,34700,2298,64,4,1,2.5,9,gas,No,No,2
.5,7,17500,2259,64,4,1,2.5,9,gas,No,No,2
.59,38,31700,2426,64,4,1,2.5,7,gas,No,No,2
.14,20,18400,1480,64,3,1,1.5,5,gas,No,No,1
.17,20,18700,1244,64,2,0,2,6,gas,No,No,1
.17,22,18700,1479,64,3,0,1.5,4,gas,No,No,1
.7,15,40000,2358,64,4,0,2.5,7,gas,No,No,2
.46,33,32700,1453,64,4,1,2,9,gas,No,No,2
.35,40,27800,2080,64,4,1,1.5,10,gas,No,No,1
6.15,64,73500,1960,64,3,1,1.5,9,oil,No,No,1
.44,3,13200,2600,64,4,1,2.5,10,gas,No,No,2
.85,18,40800,1897,64,4,1,2.5,7,gas,No,No,2
.47,37,27800,1872,64,4,1,2.5,9,gas,No,No,2
.06,27,16400,1260,64,2,1,1.5,6,gas,No,No,1
.21,21,14700,1228,64,3,1,1.5,5,gas,No,No,1
.5,35,34500,1956,64,4,0,2,7,gas,No,No,2
.05,19,16000,1480,64,3,0,2.5,6,gas,No,No,1
.35,42,27800,1793,64,4,1,1.5,9,gas,No,No,2
.73,34,35700,2078,64,4,1,1.5,6,gas,No,No,2
.69,26,27900,1666,64,3,1,1.5,4,gas,No,No,2
.46,21,27400,2378,64,3,1,2.5,9,gas,No,No,2
.06,27,16400,1452,64,3,1,1.5,5,gas,No,No,1
.28,22,32000,1792,64,3,1,1.5,5,electric,No,No,2
.92,16,35900,2290,75,4,1,2,7,oil,No,No,2
.17,1,116700,3511,64,4,1,2.5,12,gas,No,No,2
.41,39,30500,1922,64,4,0,1.5,9,gas,No,No,2
.5,20,29000,2263,64,4,1,2.5,11,gas,No,No,2
.41,35,30500,1672,64,4,0,1.5,6,gas,No,No,1
.26,30,21900,1902,64,3,1,1.5,5,gas,No,No,2
.06,20,16400,1479,64,2,1,1.5,7,gas,No,No,1
.12,20,18200,1314,64,2,1,1.5,5,electric,No,No,1
.17,18,18700,1302,64,2,0,1.5,4,electric,No,No,1
.67,40,34100,2310,64,5,1,2.5,10,gas,No,No,2
.66,9,75800,2880,64,4,1,2.5,11,gas,No,No,2
5.65,53,69400,1948,64,2,1,1.5,5,oil,No,No,2
.67,16,39600,1613,64,3,1,1.5,8,gas,No,No,2
.7,16,35000,2803,64,4,1,3,10,gas,No,No,2
.07,20,16800,1479,64,3,1,1.5,4,electric,No,No,1
.48,27,62000,2147,64,4,1,2.5,10,gas,No,No,2
.06,20,16400,1314,64,2,1,1.5,4,electric,No,No,1
.43,7,39000,2330,64,4,1,2.5,7,gas,No,No,2
.93,13,38300,1352,64,3,0,1,8,gas,No,No,1
.08,34,37300,2276,64,5,1,2.5,10,gas,No,No,2
.5,18,63500,2162,64,4,1,2.5,9,gas,No,No,2
.49,19,62800,2091,64,4,1,2.5,8,gas,No,No,2
.65,37,33500,2564,64,4,1,2.5,8,gas,No,No,2
.31,33,25100,2050,64,4,0,1.5,9,gas,No,No,2
.76,38,35300,1768,64,3,0,2,5,gas,No,No,2
.46,18,60500,2497,64,3,1,2.5,9,gas,No,No,2
.07,26,16800,1290,64,2,1,1.5,7,gas,No,No,1
.4,149,28000,1776,64,3,0,2,8,oil,No,No,1
.07,21,16800,1480,64,3,0,1.5,6,electric,No,No,1
.41,21,25400,1910,64,4,0,2.5,6,gas,No,No,2
4.2,29,70500,2828,64,3,1,2.5,10,electric,No,No,2
.46,3,16100,2535,64,4,1,2.5,10,gas,No,No,2
.46,36,27400,2576,64,4,1,2.5,12,gas,No,No,2
.4,21,28000,1500,64,3,0,1.5,7,gas,No,No,2
.14,20,18400,1480,64,3,0,1.5,8,electric,No,No,1
.57,16,68800,2250,64,3,1,2.5,8,gas,No,No,2
.47,19,36600,1831,64,3,1,2,5,gas,No,No,2
.49,19,62800,2214,64,4,1,2.5,10,gas,No,No,2
.46,31,32700,1846,64,3,0,1.5,7,gas,No,No,2
.05,19,16000,1302,64,2,0,1.5,6,gas,No,No,1
.55,33,50300,2212,64,4,1,2.5,9,gas,No,No,2
.34,40,39000,1783,64,4,1,2.5,10,gas,No,No,2
.1,21,18000,1480,64,2,1,1.5,7,electric,No,No,1
.15,37,38800,1794,64,3,0,2,6,oil,No,No,2
.3,32,24500,1918,64,4,1,1.5,6,gas,No,No,2
.07,21,16800,1480,64,3,1,1.5,8,gas,No,No,1
.45,35,32300,1756,64,4,1,1.5,7,gas,No,No,2
.91,17,77200,2499,64,4,1,3,7,gas,No,No,2
.56,34,30800,2310,64,5,1,3,8,gas,No,No,2
.56,0,37900,2950,64,4,1,2.5,12,gas,No,No,2
.6,20,71000,2702,64,4,3,2.5,10,gas,No,No,2
.3,15,34000,2288,64,3,1,2.5,8,gas,No,No,2
.42,35,30900,1838,64,4,0,1.5,7,gas,No,No,2
.42,27,25800,2310,64,4,1,2.5,10,gas,No,No,2
.33,85,24600,1152,52,3,0,1,6,electric,No,No,1
.34,22,22600,1577,64,3,0,2,8,gas,No,No,2
.54,19,30200,2175,64,4,1,2.5,10,gas,No,No,2
.29,23,19500,1375,64,2,0,1.5,4,gas,No,No,1
.37,27,23800,1616,64,3,1,3,8,gas,No,No,2
.54,38,34700,1954,64,4,1,2,10,gas,No,No,2
.61,34,32300,2728,64,4,1,2.5,10,gas,No,No,2
.64,35,33200,2553,64,4,1,2.5,9,gas,No,No,2
.34,3,11900,1963,64,4,1,2.5,8,gas,No,No,2
.45,43,27000,2564,64,4,1,2.5,11,gas,No,No,2
.33,19,35500,1792,64,3,1,1.5,7,gas,No,No,2
.35,40,27800,1663,64,3,1,1,8,gas,No,No,2
.49,6,17200,2070,64,4,1,2.5,6,gas,No,No,2
.46,26,48000,2588,64,4,1,2.5,12,oil,No,No,2
.54,35,30200,2276,64,5,1,2.5,9,gas,No,No,2
.48,45,28200,1732,64,4,0,2,7,gas,No,No,2
.63,39,32900,2310,64,5,1,2.5,9,gas,No,No,2
.63,38,22100,1742,52,4,1,1,10,gas,No,No,1
.41,36,25400,2802,64,4,1,2.5,8,gas,No,No,2
.46,16,36400,1902,64,4,1,2.5,6,gas,No,No,2
.46,22,48000,2030,64,4,1,2.5,10,gas,No,No,2
.57,59,29900,1498,75,2,1,1,7,gas,No,No,1
.55,20,67300,2116,64,3,1,2.5,10,gas,No,No,2
.83,37,35700,2108,64,4,1,2.5,10,gas,No,No,1
.06,16,1600,1480,40,2,1,2.5,4,gas,No,No,1
.21,1,32000,2427,40,3,0,2.5,9,gas,No,Yes,2
.31,12,10400,1348,40,2,0,2,5,gas,No,No,1
.25,13,9000,1391,40,3,0,2,8,gas,No,No,2
1.4,2,74800,3422,62,4,1,4,12,gas,No,Yes,2
.51,1,74800,2686,62,4,1,3,10,gas,No,Yes,2
.15,14,5400,1034,40,2,0,1.5,3,gas,No,No,1
.29,14,9700,1072,40,2,0,1,7,gas,No,No,1
.25,12,15200,1512,40,3,0,2,8,gas,No,No,2
5,17,24100,1008,40,2,0,1,5,electric,No,No,2
.06,17,1600,1480,40,3,1,1.5,5,gas,No,No,1
.51,34,16600,912,40,3,0,1,4,gas,No,No,1
.07,17,1800,1480,40,3,1,1.5,7,gas,No,No,1
1.25,16,11900,1558,62,3,1,2,7,electric,No,No,2
.04,0,74800,2648,62,4,1,2.5,11,gas,No,Yes,2
.39,26,9800,2248,40,4,0,1,10,gas,No,No,1
.73,85,16400,1461,40,3,0,1,6,oil,No,No,1
.23,11,7700,1470,40,3,1,2.5,8,gas,No,No,2
.5,8,4000,1900,40,3,0,1.5,6,gas,No,No,2
.1,8,13000,2054,62,4,0,2.5,6,gas,No,No,2
.07,16,1800,1480,40,2,1,2.5,4,gas,No,No,1
.24,14,8600,1822,40,3,0,2,9,gas,No,No,2
.01,12,17900,1620,62,3,1,2.5,5,gas,No,No,2
.1,14,21000,2120,62,4,0,2.5,8,gas,No,No,2
.27,1,74800,3009,62,5,1,3.5,12,gas,No,Yes,2
.45,35,9000,1791,40,4,0,1,10,gas,No,No,1
.07,16,1800,1480,40,2,1,2.5,3,electric,No,No,1
1.75,14,20600,1300,40,3,0,2,4,electric,No,No,2
.07,16,1800,1480,40,3,1,1.5,5,gas,No,No,1
.02,15,9700,1876,40,3,0,2,6,gas,No,No,2
.24,13,8000,1564,40,3,0,2,5,gas,No,No,1
.28,70,9800,1248,40,3,0,1.5,4,gas,No,No,1
.11,16,2900,1480,40,2,0,2.5,4,gas,No,No,1
.55,12,19300,2281,62,4,1,2.5,7,gas,No,No,2
.4,38,8000,2395,40,3,1,1.5,6,gas,No,No,2
.05,15,16800,1915,40,4,1,2.5,10,gas,No,No,2
.3,12,10800,1400,40,3,2,1.5,4,gas,No,No,2
.37,38,9300,1104,40,4,0,1,9,gas,No,No,1
.43,14,13500,1796,40,3,1,2.5,8,gas,No,No,2
.13,15,13700,1512,40,3,0,1.5,6,gas,No,No,2
.09,95,3200,1646,40,3,0,1,5,gas,No,No,1
.5,5,4000,1868,40,3,1,2.5,7,gas,No,No,2
.19,15,6800,1301,40,3,0,1.5,4,gas,No,No,1
.95,15,11200,1652,62,3,0,2,7,electric,No,No,2
.35,33,8500,1056,62,3,0,1,7,oil,No,No,1
.51,22,15100,2312,62,3,0,1.5,10,gas,No,No,2
.48,15,19200,2072,62,3,0,2.5,5,gas,No,No,2
.46,20,7800,1200,62,2,0,1,6,electric,No,No,1
.48,33,12000,1764,62,3,1,1.5,7,oil,No,No,1
.02,17,20100,960,62,3,0,1,4,gas,No,No,1
.17,22,15800,988,51,2,0,2,4,gas,No,No,1
.17,19,15200,1514,51,3,0,1.5,7,electric,No,No,1
.51,13,26900,1320,61,3,0,2,7,gas,No,No,2
.69,1,83500,2719,61,3,1,2,9,gas,No,Yes,2
.61,11,41700,1796,61,3,1,2.5,6,gas,No,No,2
.38,4,53900,1709,61,3,1,2.5,5,gas,No,No,2
.4,1,233000,3008,61,4,1,2.5,11,gas,No,Yes,2
.42,71,18600,1350,61,3,0,1,5,oil,No,No,1
.47,20,20000,1200,61,3,0,1.5,7,electric,No,No,2
.47,3,53900,1857,61,3,1,2.5,6,gas,No,No,2
.66,15,31200,2305,51,4,1,2.5,11,gas,No,No,2
.49,1,15000,2184,51,3,1,2.5,10,gas,No,Yes,2
.32,116,16400,1668,51,3,0,2,7,gas,No,No,2
.44,1,108900,2712,51,4,1,2.5,12,gas,No,Yes,2
.16,20,15700,912,51,2,0,1.5,3,electric,No,No,1
.34,21,27000,1508,51,3,0,1.5,4,electric,No,No,2
.46,28,24500,1232,61,3,1,1,6,electric,No,No,1
.36,106,35900,1836,51,4,1,1.5,6,gas,No,No,2
.16,176,46200,4486,51,6,1,4,12,gas,No,No,2
4.21,38,70400,2204,51,3,2,2,8,oil,No,No,2
.16,19,15100,1184,51,3,0,2,7,gas,No,No,1
.49,1,15000,2184,51,3,1,2.5,8,gas,No,Yes,2
.32,116,16400,1668,51,3,0,2,5,gas,No,No,2
.44,1,108900,2712,51,4,1,2.5,11,gas,No,Yes,2
.16,20,15700,912,51,2,0,1.5,5,electric,No,No,1
.34,21,27000,1508,51,3,0,1.5,4,electric,No,No,2
.46,28,24500,1232,61,3,1,1,4,electric,No,No,1
.32,15,4650,960,61,3,0,1,4,electric,No,No,1
.36,106,35900,1836,51,4,1,1.5,8,gas,No,No,2
.87,12,56300,1836,61,4,1,1.5,6,gas,No,No,2
.34,42,27100,1803,61,4,0,1.5,6,gas,No,No,2
.17,9,20400,1463,61,3,1,2,8,gas,No,No,2
.07,27,16800,1290,61,2,1,1.5,7,gas,No,No,1
.53,38,29900,2310,61,5,1,2.5,10,gas,No,No,2
.43,40,26200,1664,61,3,1,2,4,gas,No,No,2
.06,21,16400,1479,61,3,0,1.5,8,gas,No,No,1
.26,7,9100,2483,61,4,1,2.5,8,gas,No,No,2
.46,4,60500,2480,61,4,1,2.5,10,gas,No,No,2
.36,121,33000,2699,61,6,1,1,12,oil,No,No,2
.3,28,34000,1676,61,3,1,2.5,8,gas,No,No,2
.54,38,30200,2816,61,5,1,2.5,10,gas,No,No,1
.37,26,23800,1966,61,3,0,1.5,7,gas,No,No,2
.54,39,34700,2112,61,4,1,1.5,9,gas,No,No,2
.77,9,74400,2762,61,4,1,2.5,12,gas,No,No,2
.66,23,72200,2184,61,3,1,2.5,9,gas,No,No,2
.07,22,16800,1480,61,3,0,1.5,7,electric,No,No,1
.53,39,34700,1624,61,3,0,1,4,gas,No,No,1
.54,19,30200,1650,61,3,1,2,4,gas,No,No,2
1.34,34,36700,1313,61,2,0,1.5,3,electric,No,No,1
.65,19,33500,2600,61,4,1,2.5,11,gas,No,No,2
.13,22,18300,945,61,2,0,1,5,gas,No,No,1
.28,57,23200,1121,61,3,0,1.5,4,oil,No,No,1
.81,0,7300,2288,61,3,1,2.5,8,gas,No,Yes,2
.41,5,43400,2718,61,4,1,2.5,12,gas,No,No,2
.58,42,31400,2464,61,4,1,2.5,8,gas,No,No,2
.43,41,45800,2426,61,4,2,2,7,gas,No,No,2
.38,32,24200,2310,61,5,1,2.5,11,gas,No,No,2
.94,37,36200,2564,61,4,1,2.5,11,gas,No,No,2
.39,9,20400,1099,51,2,0,1,3,gas,No,No,1
.24,48,16800,1225,51,3,1,1,7,gas,No,No,1
.59,86,26000,1959,51,3,0,1,6,gas,No,No,1
